sentiment,word
Negative,ABANDON
Negative,ABANDONED
Negative,ABANDONING
Negative,ABANDONMENT
Negative,ABANDONMENTS
Negative,ABANDONS
Negative,ABDICATED
Negative,ABDICATES
Negative,ABDICATING
Negative,ABDICATION
Negative,ABDICATIONS
Negative,ABERRANT
Negative,ABERRATION
Negative,ABERRATIONAL
Negative,ABERRATIONS
Negative,ABETTING
Negative,ABNORMAL
Negative,ABNORMALITIES
Negative,ABNORMALITY
Negative,ABNORMALLY
Negative,ABOLISH
Negative,ABOLISHED
Negative,ABOLISHES
Negative,ABOLISHING
Negative,ABROGATE
Negative,ABROGATED
Negative,ABROGATES
Negative,ABROGATING
Negative,ABROGATION
Negative,ABROGATIONS
Negative,ABRUPT
Negative,ABRUPTLY
Negative,ABRUPTNESS
Negative,ABSENCE
Negative,ABSENCES
Negative,ABSENTEEISM
Negative,ABUSE
Negative,ABUSED
Negative,ABUSES
Negative,ABUSING
Negative,ABUSIVE
Negative,ABUSIVELY
Negative,ABUSIVENESS
Negative,ACCIDENT
Negative,ACCIDENTAL
Negative,ACCIDENTALLY
Negative,ACCIDENTS
Negative,ACCUSATION
Negative,ACCUSATIONS
Negative,ACCUSE
Negative,ACCUSED
Negative,ACCUSES
Negative,ACCUSING
Negative,ACQUIESCE
Negative,ACQUIESCED
Negative,ACQUIESCES
Negative,ACQUIESCING
Negative,ACQUIT
Negative,ACQUITS
Negative,ACQUITTAL
Negative,ACQUITTALS
Negative,ACQUITTED
Negative,ACQUITTING
Negative,ADULTERATE
Negative,ADULTERATED
Negative,ADULTERATING
Negative,ADULTERATION
Negative,ADULTERATIONS
Negative,ADVERSARIAL
Negative,ADVERSARIES
Negative,ADVERSARY
Negative,ADVERSE
Negative,ADVERSELY
Negative,ADVERSITIES
Negative,ADVERSITY
Negative,AFTERMATH
Negative,AFTERMATHS
Negative,AGAINST
Negative,AGGRAVATE
Negative,AGGRAVATED
Negative,AGGRAVATES
Negative,AGGRAVATING
Negative,AGGRAVATION
Negative,AGGRAVATIONS
Negative,ALERTED
Negative,ALERTING
Negative,ALIENATE
Negative,ALIENATED
Negative,ALIENATES
Negative,ALIENATING
Negative,ALIENATION
Negative,ALIENATIONS
Negative,ALLEGATION
Negative,ALLEGATIONS
Negative,ALLEGE
Negative,ALLEGED
Negative,ALLEGEDLY
Negative,ALLEGES
Negative,ALLEGING
Negative,ANNOY
Negative,ANNOYANCE
Negative,ANNOYANCES
Negative,ANNOYED
Negative,ANNOYING
Negative,ANNOYS
Negative,ANNUL
Negative,ANNULLED
Negative,ANNULLING
Negative,ANNULMENT
Negative,ANNULMENTS
Negative,ANNULS
Negative,ANOMALIES
Negative,ANOMALOUS
Negative,ANOMALOUSLY
Negative,ANOMALY
Negative,ANTICOMPETITIVE
Negative,ANTITRUST
Negative,ARGUE
Negative,ARGUED
Negative,ARGUING
Negative,ARGUMENT
Negative,ARGUMENTATIVE
Negative,ARGUMENTS
Negative,ARREARAGE
Negative,ARREARAGES
Negative,ARREARS
Negative,ARREST
Negative,ARRESTED
Negative,ARRESTS
Negative,ARTIFICIALLY
Negative,ASSAULT
Negative,ASSAULTED
Negative,ASSAULTING
Negative,ASSAULTS
Negative,ASSERTIONS
Negative,ATTRITION
Negative,AVERSELY
Negative,BACKDATING
Negative,BAD
Negative,BAIL
Negative,BAILOUT
Negative,BALK
Negative,BALKED
Negative,BANKRUPT
Negative,BANKRUPTCIES
Negative,BANKRUPTCY
Negative,BANKRUPTED
Negative,BANKRUPTING
Negative,BANKRUPTS
Negative,BANS
Negative,BARRED
Negative,BARRIER
Negative,BARRIERS
Negative,BOTTLENECK
Negative,BOTTLENECKS
Negative,BOYCOTT
Negative,BOYCOTTED
Negative,BOYCOTTING
Negative,BOYCOTTS
Negative,BREACH
Negative,BREACHED
Negative,BREACHES
Negative,BREACHING
Negative,BREAK
Negative,BREAKAGE
Negative,BREAKAGES
Negative,BREAKDOWN
Negative,BREAKDOWNS
Negative,BREAKING
Negative,BREAKS
Negative,BRIBE
Negative,BRIBED
Negative,BRIBERIES
Negative,BRIBERY
Negative,BRIBES
Negative,BRIBING
Negative,BRIDGE
Negative,BROKEN
Negative,BURDEN
Negative,BURDENED
Negative,BURDENING
Negative,BURDENS
Negative,BURDENSOME
Negative,BURNED
Negative,CALAMITIES
Negative,CALAMITOUS
Negative,CALAMITY
Negative,CANCEL
Negative,CANCELED
Negative,CANCELING
Negative,CANCELLATION
Negative,CANCELLATIONS
Negative,CANCELLED
Negative,CANCELLING
Negative,CANCELS
Negative,CARELESS
Negative,CARELESSLY
Negative,CARELESSNESS
Negative,CATASTROPHE
Negative,CATASTROPHES
Negative,CATASTROPHIC
Negative,CATASTROPHICALLY
Negative,CAUTION
Negative,CAUTIONARY
Negative,CAUTIONED
Negative,CAUTIONING
Negative,CAUTIONS
Negative,CEASE
Negative,CEASED
Negative,CEASES
Negative,CEASING
Negative,CENSURE
Negative,CENSURED
Negative,CENSURES
Negative,CENSURING
Negative,CHALLENGE
Negative,CHALLENGED
Negative,CHALLENGES
Negative,CHALLENGING
Negative,CHARGEOFFS
Negative,CIRCUMVENT
Negative,CIRCUMVENTED
Negative,CIRCUMVENTING
Negative,CIRCUMVENTION
Negative,CIRCUMVENTIONS
Negative,CIRCUMVENTS
Negative,CLAIMING
Negative,CLAIMS
Negative,CLAWBACK
Negative,CLOSED
Negative,CLOSEOUT
Negative,CLOSEOUTS
Negative,CLOSING
Negative,CLOSINGS
Negative,CLOSURE
Negative,CLOSURES
Negative,COERCE
Negative,COERCED
Negative,COERCES
Negative,COERCING
Negative,COERCION
Negative,COERCIVE
Negative,COLLAPSE
Negative,COLLAPSED
Negative,COLLAPSES
Negative,COLLAPSING
Negative,COLLISION
Negative,COLLISIONS
Negative,COLLUDE
Negative,COLLUDED
Negative,COLLUDES
Negative,COLLUDING
Negative,COLLUSION
Negative,COLLUSIONS
Negative,COLLUSIVE
Negative,COMPLAIN
Negative,COMPLAINED
Negative,COMPLAINING
Negative,COMPLAINS
Negative,COMPLAINT
Negative,COMPLAINTS
Negative,COMPLICATE
Negative,COMPLICATED
Negative,COMPLICATES
Negative,COMPLICATING
Negative,COMPLICATION
Negative,COMPLICATIONS
Negative,COMPULSION
Negative,CONCEALED
Negative,CONCEALING
Negative,CONCEDE
Negative,CONCEDED
Negative,CONCEDES
Negative,CONCEDING
Negative,CONCERN
Negative,CONCERNED
Negative,CONCERNS
Negative,CONCILIATING
Negative,CONCILIATION
Negative,CONCILIATIONS
Negative,CONDEMN
Negative,CONDEMNATION
Negative,CONDEMNATIONS
Negative,CONDEMNED
Negative,CONDEMNING
Negative,CONDEMNS
Negative,CONDONE
Negative,CONDONED
Negative,CONFESS
Negative,CONFESSED
Negative,CONFESSES
Negative,CONFESSING
Negative,CONFESSION
Negative,CONFINE
Negative,CONFINED
Negative,CONFINEMENT
Negative,CONFINEMENTS
Negative,CONFINES
Negative,CONFINING
Negative,CONFISCATE
Negative,CONFISCATED
Negative,CONFISCATES
Negative,CONFISCATING
Negative,CONFISCATION
Negative,CONFISCATIONS
Negative,CONFLICT
Negative,CONFLICTED
Negative,CONFLICTING
Negative,CONFLICTS
Negative,CONFRONT
Negative,CONFRONTATION
Negative,CONFRONTATIONAL
Negative,CONFRONTATIONS
Negative,CONFRONTED
Negative,CONFRONTING
Negative,CONFRONTS
Negative,CONFUSE
Negative,CONFUSED
Negative,CONFUSES
Negative,CONFUSING
Negative,CONFUSINGLY
Negative,CONFUSION
Negative,CONSPIRACIES
Negative,CONSPIRACY
Negative,CONSPIRATOR
Negative,CONSPIRATORIAL
Negative,CONSPIRATORS
Negative,CONSPIRE
Negative,CONSPIRED
Negative,CONSPIRES
Negative,CONSPIRING
Negative,CONTEMPT
Negative,CONTEND
Negative,CONTENDED
Negative,CONTENDING
Negative,CONTENDS
Negative,CONTENTION
Negative,CONTENTIONS
Negative,CONTENTIOUS
Negative,CONTENTIOUSLY
Negative,CONTESTED
Negative,CONTESTING
Negative,CONTRACTION
Negative,CONTRACTIONS
Negative,CONTRADICT
Negative,CONTRADICTED
Negative,CONTRADICTING
Negative,CONTRADICTION
Negative,CONTRADICTIONS
Negative,CONTRADICTORY
Negative,CONTRADICTS
Negative,CONTRARY
Negative,CONTROVERSIAL
Negative,CONTROVERSIES
Negative,CONTROVERSY
Negative,CONVICT
Negative,CONVICTED
Negative,CONVICTING
Negative,CONVICTION
Negative,CONVICTIONS
Negative,CORRECTED
Negative,CORRECTING
Negative,CORRECTION
Negative,CORRECTIONS
Negative,CORRECTS
Negative,CORRUPT
Negative,CORRUPTED
Negative,CORRUPTING
Negative,CORRUPTION
Negative,CORRUPTIONS
Negative,CORRUPTLY
Negative,CORRUPTNESS
Negative,COSTLY
Negative,COUNTERCLAIM
Negative,COUNTERCLAIMED
Negative,COUNTERCLAIMING
Negative,COUNTERCLAIMS
Negative,COUNTERFEIT
Negative,COUNTERFEITED
Negative,COUNTERFEITER
Negative,COUNTERFEITERS
Negative,COUNTERFEITING
Negative,COUNTERFEITS
Negative,COUNTERMEASURE
Negative,COUNTERMEASURES
Negative,CRIME
Negative,CRIMES
Negative,CRIMINAL
Negative,CRIMINALLY
Negative,CRIMINALS
Negative,CRISES
Negative,CRISIS
Negative,CRITICAL
Negative,CRITICALLY
Negative,CRITICISM
Negative,CRITICISMS
Negative,CRITICIZE
Negative,CRITICIZED
Negative,CRITICIZES
Negative,CRITICIZING
Negative,CRUCIAL
Negative,CRUCIALLY
Negative,CULPABILITY
Negative,CULPABLE
Negative,CULPABLY
Negative,CUMBERSOME
Negative,CURTAIL
Negative,CURTAILED
Negative,CURTAILING
Negative,CURTAILMENT
Negative,CURTAILMENTS
Negative,CURTAILS
Negative,CUT
Negative,CUTBACK
Negative,CUTBACKS
Negative,CYBERATTACK
Negative,CYBERATTACKS
Negative,CYBERBULLYING
Negative,CYBERCRIME
Negative,CYBERCRIMES
Negative,CYBERCRIMINAL
Negative,CYBERCRIMINALS
Negative,DAMAGE
Negative,DAMAGED
Negative,DAMAGES
Negative,DAMAGING
Negative,DAMPEN
Negative,DAMPENED
Negative,DANGER
Negative,DANGEROUS
Negative,DANGEROUSLY
Negative,DANGERS
Negative,DEADLOCK
Negative,DEADLOCKED
Negative,DEADLOCKING
Negative,DEADLOCKS
Negative,DEADWEIGHT
Negative,DEADWEIGHTS
Negative,DEBARMENT
Negative,DEBARMENTS
Negative,DEBARRED
Negative,DECEASED
Negative,DECEIT
Negative,DECEITFUL
Negative,DECEITFULNESS
Negative,DECEIVE
Negative,DECEIVED
Negative,DECEIVES
Negative,DECEIVING
Negative,DECEPTION
Negative,DECEPTIONS
Negative,DECEPTIVE
Negative,DECEPTIVELY
Negative,DECLINE
Negative,DECLINED
Negative,DECLINES
Negative,DECLINING
Negative,DEFACE
Negative,DEFACED
Negative,DEFACEMENT
Negative,DEFAMATION
Negative,DEFAMATIONS
Negative,DEFAMATORY
Negative,DEFAME
Negative,DEFAMED
Negative,DEFAMES
Negative,DEFAMING
Negative,DEFAULT
Negative,DEFAULTED
Negative,DEFAULTING
Negative,DEFAULTS
Negative,DEFEAT
Negative,DEFEATED
Negative,DEFEATING
Negative,DEFEATS
Negative,DEFECT
Negative,DEFECTIVE
Negative,DEFECTS
Negative,DEFEND
Negative,DEFENDANT
Negative,DEFENDANTS
Negative,DEFENDED
Negative,DEFENDING
Negative,DEFENDS
Negative,DEFENSIVE
Negative,DEFER
Negative,DEFICIENCIES
Negative,DEFICIENCY
Negative,DEFICIENT
Negative,DEFICIT
Negative,DEFICITS
Negative,DEFRAUD
Negative,DEFRAUDED
Negative,DEFRAUDING
Negative,DEFRAUDS
Negative,DEFUNCT
Negative,DEGRADATION
Negative,DEGRADATIONS
Negative,DEGRADE
Negative,DEGRADED
Negative,DEGRADES
Negative,DEGRADING
Negative,DELAY
Negative,DELAYED
Negative,DELAYING
Negative,DELAYS
Negative,DELETERIOUS
Negative,DELIBERATE
Negative,DELIBERATED
Negative,DELIBERATELY
Negative,DELINQUENCIES
Negative,DELINQUENCY
Negative,DELINQUENT
Negative,DELINQUENTLY
Negative,DELINQUENTS
Negative,DELIST
Negative,DELISTED
Negative,DELISTING
Negative,DELISTS
Negative,DEMISE
Negative,DEMISED
Negative,DEMISES
Negative,DEMISING
Negative,DEMOLISH
Negative,DEMOLISHED
Negative,DEMOLISHES
Negative,DEMOLISHING
Negative,DEMOLITION
Negative,DEMOLITIONS
Negative,DEMOTE
Negative,DEMOTED
Negative,DEMOTES
Negative,DEMOTING
Negative,DEMOTION
Negative,DEMOTIONS
Negative,DENIAL
Negative,DENIALS
Negative,DENIED
Negative,DENIES
Negative,DENIGRATE
Negative,DENIGRATED
Negative,DENIGRATES
Negative,DENIGRATING
Negative,DENIGRATION
Negative,DENY
Negative,DENYING
Negative,DEPLETE
Negative,DEPLETED
Negative,DEPLETES
Negative,DEPLETING
Negative,DEPLETION
Negative,DEPLETIONS
Negative,DEPRECATION
Negative,DEPRESS
Negative,DEPRESSED
Negative,DEPRESSES
Negative,DEPRESSING
Negative,DEPRIVATION
Negative,DEPRIVE
Negative,DEPRIVED
Negative,DEPRIVES
Negative,DEPRIVING
Negative,DERELICT
Negative,DERELICTION
Negative,DEROGATORY
Negative,DESTABILIZATION
Negative,DESTABILIZE
Negative,DESTABILIZED
Negative,DESTABILIZING
Negative,DESTROY
Negative,DESTROYED
Negative,DESTROYING
Negative,DESTROYS
Negative,DESTRUCTION
Negative,DESTRUCTIVE
Negative,DETAIN
Negative,DETAINED
Negative,DETENTION
Negative,DETENTIONS
Negative,DETER
Negative,DETERIORATE
Negative,DETERIORATED
Negative,DETERIORATES
Negative,DETERIORATING
Negative,DETERIORATION
Negative,DETERIORATIONS
Negative,DETERRED
Negative,DETERRENCE
Negative,DETERRENCES
Negative,DETERRENT
Negative,DETERRENTS
Negative,DETERRING
Negative,DETERS
Negative,DETRACT
Negative,DETRACTED
Negative,DETRACTING
Negative,DETRIMENT
Negative,DETRIMENTAL
Negative,DETRIMENTALLY
Negative,DETRIMENTS
Negative,DEVALUE
Negative,DEVALUED
Negative,DEVALUES
Negative,DEVALUING
Negative,DEVASTATE
Negative,DEVASTATED
Negative,DEVASTATING
Negative,DEVASTATION
Negative,DEVIATE
Negative,DEVIATED
Negative,DEVIATES
Negative,DEVIATING
Negative,DEVIATION
Negative,DEVIATIONS
Negative,DEVOLVE
Negative,DEVOLVED
Negative,DEVOLVES
Negative,DEVOLVING
Negative,DIFFICULT
Negative,DIFFICULTIES
Negative,DIFFICULTLY
Negative,DIFFICULTY
Negative,DIMINISH
Negative,DIMINISHED
Negative,DIMINISHES
Negative,DIMINISHING
Negative,DIMINUTION
Negative,DISADVANTAGE
Negative,DISADVANTAGED
Negative,DISADVANTAGEOUS
Negative,DISADVANTAGES
Negative,DISAFFILIATION
Negative,DISAGREE
Negative,DISAGREEABLE
Negative,DISAGREED
Negative,DISAGREEING
Negative,DISAGREEMENT
Negative,DISAGREEMENTS
Negative,DISAGREES
Negative,DISALLOW
Negative,DISALLOWANCE
Negative,DISALLOWANCES
Negative,DISALLOWED
Negative,DISALLOWING
Negative,DISALLOWS
Negative,DISAPPEAR
Negative,DISAPPEARANCE
Negative,DISAPPEARANCES
Negative,DISAPPEARED
Negative,DISAPPEARING
Negative,DISAPPEARS
Negative,DISAPPOINT
Negative,DISAPPOINTED
Negative,DISAPPOINTING
Negative,DISAPPOINTINGLY
Negative,DISAPPOINTMENT
Negative,DISAPPOINTMENTS
Negative,DISAPPOINTS
Negative,DISAPPROVAL
Negative,DISAPPROVALS
Negative,DISAPPROVE
Negative,DISAPPROVED
Negative,DISAPPROVES
Negative,DISAPPROVING
Negative,DISASSOCIATES
Negative,DISASSOCIATING
Negative,DISASSOCIATION
Negative,DISASSOCIATIONS
Negative,DISASTER
Negative,DISASTERS
Negative,DISASTROUS
Negative,DISASTROUSLY
Negative,DISAVOW
Negative,DISAVOWAL
Negative,DISAVOWED
Negative,DISAVOWING
Negative,DISAVOWS
Negative,DISCIPLINARY
Negative,DISCLAIM
Negative,DISCLAIMED
Negative,DISCLAIMER
Negative,DISCLAIMERS
Negative,DISCLAIMING
Negative,DISCLAIMS
Negative,DISCLOSE
Negative,DISCLOSED
Negative,DISCLOSES
Negative,DISCLOSING
Negative,DISCONTINUANCE
Negative,DISCONTINUANCES
Negative,DISCONTINUATION
Negative,DISCONTINUATIONS
Negative,DISCONTINUE
Negative,DISCONTINUED
Negative,DISCONTINUES
Negative,DISCONTINUING
Negative,DISCOURAGE
Negative,DISCOURAGED
Negative,DISCOURAGES
Negative,DISCOURAGING
Negative,DISCREDIT
Negative,DISCREDITED
Negative,DISCREDITING
Negative,DISCREDITS
Negative,DISCREPANCIES
Negative,DISCREPANCY
Negative,DISFAVOR
Negative,DISFAVORED
Negative,DISFAVORING
Negative,DISFAVORS
Negative,DISGORGE
Negative,DISGORGED
Negative,DISGORGEMENT
Negative,DISGORGEMENTS
Negative,DISGORGES
Negative,DISGORGING
Negative,DISGRACE
Negative,DISGRACEFUL
Negative,DISGRACEFULLY
Negative,DISHONEST
Negative,DISHONESTLY
Negative,DISHONESTY
Negative,DISHONOR
Negative,DISHONORABLE
Negative,DISHONORABLY
Negative,DISHONORED
Negative,DISHONORING
Negative,DISHONORS
Negative,DISINCENTIVES
Negative,DISINTERESTED
Negative,DISINTERESTEDLY
Negative,DISINTERESTEDNESS
Negative,DISLOYAL
Negative,DISLOYALLY
Negative,DISLOYALTY
Negative,DISMAL
Negative,DISMALLY
Negative,DISMISS
Negative,DISMISSAL
Negative,DISMISSALS
Negative,DISMISSED
Negative,DISMISSES
Negative,DISMISSING
Negative,DISORDERLY
Negative,DISPARAGE
Negative,DISPARAGED
Negative,DISPARAGEMENT
Negative,DISPARAGEMENTS
Negative,DISPARAGES
Negative,DISPARAGING
Negative,DISPARAGINGLY
Negative,DISPARITIES
Negative,DISPARITY
Negative,DISPLACE
Negative,DISPLACED
Negative,DISPLACEMENT
Negative,DISPLACEMENTS
Negative,DISPLACES
Negative,DISPLACING
Negative,DISPOSE
Negative,DISPOSSESS
Negative,DISPOSSESSED
Negative,DISPOSSESSES
Negative,DISPOSSESSING
Negative,DISPROPORTION
Negative,DISPROPORTIONAL
Negative,DISPROPORTIONATE
Negative,DISPROPORTIONATELY
Negative,DISPUTE
Negative,DISPUTED
Negative,DISPUTES
Negative,DISPUTING
Negative,DISQUALIFICATION
Negative,DISQUALIFICATIONS
Negative,DISQUALIFIED
Negative,DISQUALIFIES
Negative,DISQUALIFY
Negative,DISQUALIFYING
Negative,DISREGARD
Negative,DISREGARDED
Negative,DISREGARDING
Negative,DISREGARDS
Negative,DISREPUTABLE
Negative,DISREPUTE
Negative,DISRUPT
Negative,DISRUPTED
Negative,DISRUPTING
Negative,DISRUPTION
Negative,DISRUPTIONS
Negative,DISRUPTIVE
Negative,DISRUPTS
Negative,DISSATISFACTION
Negative,DISSATISFIED
Negative,DISSENT
Negative,DISSENTED
Negative,DISSENTER
Negative,DISSENTERS
Negative,DISSENTING
Negative,DISSENTS
Negative,DISSIDENT
Negative,DISSIDENTS
Negative,DISSOLUTION
Negative,DISSOLUTIONS
Negative,DISTORT
Negative,DISTORTED
Negative,DISTORTING
Negative,DISTORTION
Negative,DISTORTIONS
Negative,DISTORTS
Negative,DISTRACT
Negative,DISTRACTED
Negative,DISTRACTING
Negative,DISTRACTION
Negative,DISTRACTIONS
Negative,DISTRACTS
Negative,DISTRESS
Negative,DISTRESSED
Negative,DISTURB
Negative,DISTURBANCE
Negative,DISTURBANCES
Negative,DISTURBED
Negative,DISTURBING
Negative,DISTURBS
Negative,DIVERSION
Negative,DIVERT
Negative,DIVERTED
Negative,DIVERTING
Negative,DIVERTS
Negative,DIVEST
Negative,DIVESTED
Negative,DIVESTING
Negative,DIVESTITURE
Negative,DIVESTITURES
Negative,DIVESTMENT
Negative,DIVESTMENTS
Negative,DIVESTS
Negative,DIVORCE
Negative,DIVORCED
Negative,DIVULGE
Negative,DIVULGED
Negative,DIVULGES
Negative,DIVULGING
Negative,DOUBT
Negative,DOUBTED
Negative,DOUBTFUL
Negative,DOUBTS
Negative,DOWNGRADE
Negative,DOWNGRADED
Negative,DOWNGRADES
Negative,DOWNGRADING
Negative,DOWNSIZE
Negative,DOWNSIZED
Negative,DOWNSIZES
Negative,DOWNSIZING
Negative,DOWNSIZINGS
Negative,DOWNTIME
Negative,DOWNTIMES
Negative,DOWNTURN
Negative,DOWNTURNS
Negative,DOWNWARD
Negative,DOWNWARDS
Negative,DRAG
Negative,DRASTIC
Negative,DRASTICALLY
Negative,DRAWBACK
Negative,DRAWBACKS
Negative,DROPPED
Negative,DROUGHT
Negative,DROUGHTS
Negative,DURESS
Negative,DYSFUNCTION
Negative,DYSFUNCTIONAL
Negative,DYSFUNCTIONS
Negative,EASING
Negative,EGREGIOUS
Negative,EGREGIOUSLY
Negative,EMBARGO
Negative,EMBARGOED
Negative,EMBARGOES
Negative,EMBARGOING
Negative,EMBARRASS
Negative,EMBARRASSED
Negative,EMBARRASSES
Negative,EMBARRASSING
Negative,EMBARRASSMENT
Negative,EMBARRASSMENTS
Negative,EMBEZZLE
Negative,EMBEZZLED
Negative,EMBEZZLEMENT
Negative,EMBEZZLEMENTS
Negative,EMBEZZLER
Negative,EMBEZZLES
Negative,EMBEZZLING
Negative,ENCROACH
Negative,ENCROACHED
Negative,ENCROACHES
Negative,ENCROACHING
Negative,ENCROACHMENT
Negative,ENCROACHMENTS
Negative,ENCUMBER
Negative,ENCUMBERED
Negative,ENCUMBERING
Negative,ENCUMBERS
Negative,ENCUMBRANCE
Negative,ENCUMBRANCES
Negative,ENDANGER
Negative,ENDANGERED
Negative,ENDANGERING
Negative,ENDANGERMENT
Negative,ENDANGERS
Negative,ENJOIN
Negative,ENJOINED
Negative,ENJOINING
Negative,ENJOINS
Negative,ERODE
Negative,ERODED
Negative,ERODES
Negative,ERODING
Negative,EROSION
Negative,ERRATIC
Negative,ERRATICALLY
Negative,ERRED
Negative,ERRING
Negative,ERRONEOUS
Negative,ERRONEOUSLY
Negative,ERROR
Negative,ERRORS
Negative,ERRS
Negative,ESCALATE
Negative,ESCALATED
Negative,ESCALATES
Negative,ESCALATING
Negative,EVADE
Negative,EVADED
Negative,EVADES
Negative,EVADING
Negative,EVASION
Negative,EVASIONS
Negative,EVASIVE
Negative,EVICT
Negative,EVICTED
Negative,EVICTING
Negative,EVICTION
Negative,EVICTIONS
Negative,EVICTS
Negative,EXACERBATE
Negative,EXACERBATED
Negative,EXACERBATES
Negative,EXACERBATING
Negative,EXACERBATION
Negative,EXACERBATIONS
Negative,EXAGGERATE
Negative,EXAGGERATED
Negative,EXAGGERATES
Negative,EXAGGERATING
Negative,EXAGGERATION
Negative,EXCESSIVE
Negative,EXCESSIVELY
Negative,EXCULPATE
Negative,EXCULPATED
Negative,EXCULPATES
Negative,EXCULPATING
Negative,EXCULPATION
Negative,EXCULPATIONS
Negative,EXCULPATORY
Negative,EXONERATE
Negative,EXONERATED
Negative,EXONERATES
Negative,EXONERATING
Negative,EXONERATION
Negative,EXONERATIONS
Negative,EXPLOIT
Negative,EXPLOITATION
Negative,EXPLOITATIONS
Negative,EXPLOITATIVE
Negative,EXPLOITED
Negative,EXPLOITING
Negative,EXPLOITS
Negative,EXPOSE
Negative,EXPOSED
Negative,EXPOSES
Negative,EXPOSING
Negative,EXPROPRIATE
Negative,EXPROPRIATED
Negative,EXPROPRIATES
Negative,EXPROPRIATING
Negative,EXPROPRIATION
Negative,EXPROPRIATIONS
Negative,EXPULSION
Negative,EXPULSIONS
Negative,EXTENUATING
Negative,FAIL
Negative,FAILED
Negative,FAILING
Negative,FAILINGS
Negative,FAILS
Negative,FAILURE
Negative,FAILURES
Negative,FALLOUT
Negative,FALSE
Negative,FALSELY
Negative,FALSIFICATION
Negative,FALSIFICATIONS
Negative,FALSIFIED
Negative,FALSIFIES
Negative,FALSIFY
Negative,FALSIFYING
Negative,FALSITY
Negative,FATALITIES
Negative,FATALITY
Negative,FATALLY
Negative,FAULT
Negative,FAULTED
Negative,FAULTS
Negative,FAULTY
Negative,FEAR
Negative,FEARS
Negative,FELONIES
Negative,FELONIOUS
Negative,FELONY
Negative,FICTITIOUS
Negative,FINED
Negative,FINES
Negative,FIRED
Negative,FIRING
Negative,FLAW
Negative,FLAWED
Negative,FLAWS
Negative,FORBID
Negative,FORBIDDEN
Negative,FORBIDDING
Negative,FORBIDS
Negative,FORCE
Negative,FORCED
Negative,FORCING
Negative,FORECLOSE
Negative,FORECLOSED
Negative,FORECLOSES
Negative,FORECLOSING
Negative,FORECLOSURE
Negative,FORECLOSURES
Negative,FOREGO
Negative,FOREGOES
Negative,FOREGONE
Negative,FORESTALL
Negative,FORESTALLED
Negative,FORESTALLING
Negative,FORESTALLS
Negative,FORFEIT
Negative,FORFEITED
Negative,FORFEITING
Negative,FORFEITS
Negative,FORFEITURE
Negative,FORFEITURES
Negative,FORGERS
Negative,FORGERY
Negative,FRAUD
Negative,FRAUDS
Negative,FRAUDULENCE
Negative,FRAUDULENT
Negative,FRAUDULENTLY
Negative,FRIVOLOUS
Negative,FRIVOLOUSLY
Negative,FRUSTRATE
Negative,FRUSTRATED
Negative,FRUSTRATES
Negative,FRUSTRATING
Negative,FRUSTRATINGLY
Negative,FRUSTRATION
Negative,FRUSTRATIONS
Negative,FUGITIVE
Negative,FUGITIVES
Negative,GRATUITOUS
Negative,GRATUITOUSLY
Negative,GRIEVANCE
Negative,GRIEVANCES
Negative,GROSSLY
Negative,GROUNDLESS
Negative,GUILTY
Negative,HALT
Negative,HALTED
Negative,HAMPER
Negative,HAMPERED
Negative,HAMPERING
Negative,HAMPERS
Negative,HARASS
Negative,HARASSED
Negative,HARASSING
Negative,HARASSMENT
Negative,HARDSHIP
Negative,HARDSHIPS
Negative,HARM
Negative,HARMED
Negative,HARMFUL
Negative,HARMFULLY
Negative,HARMING
Negative,HARMS
Negative,HARSH
Negative,HARSHER
Negative,HARSHEST
Negative,HARSHLY
Negative,HARSHNESS
Negative,HAZARD
Negative,HAZARDOUS
Negative,HAZARDS
Negative,HINDER
Negative,HINDERED
Negative,HINDERING
Negative,HINDERS
Negative,HINDRANCE
Negative,HINDRANCES
Negative,HOSTILE
Negative,HOSTILITY
Negative,HURT
Negative,HURTING
Negative,IDLE
Negative,IDLED
Negative,IDLING
Negative,IGNORE
Negative,IGNORED
Negative,IGNORES
Negative,IGNORING
Negative,ILL
Negative,ILLEGAL
Negative,ILLEGALITIES
Negative,ILLEGALITY
Negative,ILLEGALLY
Negative,ILLEGIBLE
Negative,ILLICIT
Negative,ILLICITLY
Negative,ILLIQUID
Negative,ILLIQUIDITY
Negative,IMBALANCE
Negative,IMBALANCES
Negative,IMMATURE
Negative,IMMORAL
Negative,IMPAIR
Negative,IMPAIRED
Negative,IMPAIRING
Negative,IMPAIRMENT
Negative,IMPAIRMENTS
Negative,IMPAIRS
Negative,IMPASSE
Negative,IMPASSES
Negative,IMPEDE
Negative,IMPEDED
Negative,IMPEDES
Negative,IMPEDIMENT
Negative,IMPEDIMENTS
Negative,IMPEDING
Negative,IMPENDING
Negative,IMPERATIVE
Negative,IMPERFECTION
Negative,IMPERFECTIONS
Negative,IMPERIL
Negative,IMPERMISSIBLE
Negative,IMPLICATE
Negative,IMPLICATED
Negative,IMPLICATES
Negative,IMPLICATING
Negative,IMPOSSIBILITY
Negative,IMPOSSIBLE
Negative,IMPOUND
Negative,IMPOUNDED
Negative,IMPOUNDING
Negative,IMPOUNDS
Negative,IMPRACTICABLE
Negative,IMPRACTICAL
Negative,IMPRACTICALITIES
Negative,IMPRACTICALITY
Negative,IMPRISONMENT
Negative,IMPROPER
Negative,IMPROPERLY
Negative,IMPROPRIETIES
Negative,IMPROPRIETY
Negative,IMPRUDENT
Negative,IMPRUDENTLY
Negative,INABILITY
Negative,INACCESSIBLE
Negative,INACCURACIES
Negative,INACCURACY
Negative,INACCURATE
Negative,INACCURATELY
Negative,INACTION
Negative,INACTIONS
Negative,INACTIVATE
Negative,INACTIVATED
Negative,INACTIVATES
Negative,INACTIVATING
Negative,INACTIVATION
Negative,INACTIVATIONS
Negative,INACTIVITY
Negative,INADEQUACIES
Negative,INADEQUACY
Negative,INADEQUATE
Negative,INADEQUATELY
Negative,INADVERTENT
Negative,INADVERTENTLY
Negative,INADVISABILITY
Negative,INADVISABLE
Negative,INAPPROPRIATE
Negative,INAPPROPRIATELY
Negative,INATTENTION
Negative,INCAPABLE
Negative,INCAPACITATED
Negative,INCAPACITY
Negative,INCARCERATE
Negative,INCARCERATED
Negative,INCARCERATES
Negative,INCARCERATING
Negative,INCARCERATION
Negative,INCARCERATIONS
Negative,INCIDENCE
Negative,INCIDENCES
Negative,INCIDENT
Negative,INCIDENTS
Negative,INCOMPATIBILITIES
Negative,INCOMPATIBILITY
Negative,INCOMPATIBLE
Negative,INCOMPETENCE
Negative,INCOMPETENCY
Negative,INCOMPETENT
Negative,INCOMPETENTLY
Negative,INCOMPETENTS
Negative,INCOMPLETE
Negative,INCOMPLETELY
Negative,INCOMPLETENESS
Negative,INCONCLUSIVE
Negative,INCONSISTENCIES
Negative,INCONSISTENCY
Negative,INCONSISTENT
Negative,INCONSISTENTLY
Negative,INCONVENIENCE
Negative,INCONVENIENCES
Negative,INCONVENIENT
Negative,INCORRECT
Negative,INCORRECTLY
Negative,INCORRECTNESS
Negative,INDECENCY
Negative,INDECENT
Negative,INDEFEASIBLE
Negative,INDEFEASIBLY
Negative,INDICT
Negative,INDICTABLE
Negative,INDICTED
Negative,INDICTING
Negative,INDICTMENT
Negative,INDICTMENTS
Negative,INEFFECTIVE
Negative,INEFFECTIVELY
Negative,INEFFECTIVENESS
Negative,INEFFICIENCIES
Negative,INEFFICIENCY
Negative,INEFFICIENT
Negative,INEFFICIENTLY
Negative,INELIGIBILITY
Negative,INELIGIBLE
Negative,INEQUITABLE
Negative,INEQUITABLY
Negative,INEQUITIES
Negative,INEQUITY
Negative,INEVITABLE
Negative,INEXPERIENCE
Negative,INEXPERIENCED
Negative,INFERIOR
Negative,INFLICTED
Negative,INFRACTION
Negative,INFRACTIONS
Negative,INFRINGE
Negative,INFRINGED
Negative,INFRINGEMENT
Negative,INFRINGEMENTS
Negative,INFRINGES
Negative,INFRINGING
Negative,INHIBITED
Negative,INIMICAL
Negative,INJUNCTION
Negative,INJUNCTIONS
Negative,INJURE
Negative,INJURED
Negative,INJURES
Negative,INJURIES
Negative,INJURING
Negative,INJURIOUS
Negative,INJURY
Negative,INORDINATE
Negative,INORDINATELY
Negative,INQUIRY
Negative,INSECURE
Negative,INSENSITIVE
Negative,INSOLVENCIES
Negative,INSOLVENCY
Negative,INSOLVENT
Negative,INSTABILITY
Negative,INSUBORDINATION
Negative,INSUFFICIENCY
Negative,INSUFFICIENT
Negative,INSUFFICIENTLY
Negative,INSURRECTION
Negative,INSURRECTIONS
Negative,INTENTIONAL
Negative,INTERFERE
Negative,INTERFERED
Negative,INTERFERENCE
Negative,INTERFERENCES
Negative,INTERFERES
Negative,INTERFERING
Negative,INTERMITTENT
Negative,INTERMITTENTLY
Negative,INTERRUPT
Negative,INTERRUPTED
Negative,INTERRUPTING
Negative,INTERRUPTION
Negative,INTERRUPTIONS
Negative,INTERRUPTS
Negative,INTIMIDATION
Negative,INTRUSION
Negative,INVALID
Negative,INVALIDATE
Negative,INVALIDATED
Negative,INVALIDATES
Negative,INVALIDATING
Negative,INVALIDATION
Negative,INVALIDITY
Negative,INVESTIGATE
Negative,INVESTIGATED
Negative,INVESTIGATES
Negative,INVESTIGATING
Negative,INVESTIGATION
Negative,INVESTIGATIONS
Negative,INVOLUNTARILY
Negative,INVOLUNTARY
Negative,IRRECONCILABLE
Negative,IRRECONCILABLY
Negative,IRRECOVERABLE
Negative,IRRECOVERABLY
Negative,IRREGULAR
Negative,IRREGULARITIES
Negative,IRREGULARITY
Negative,IRREGULARLY
Negative,IRREPARABLE
Negative,IRREPARABLY
Negative,IRREVERSIBLE
Negative,JEOPARDIZE
Negative,JEOPARDIZED
Negative,JUSTIFIABLE
Negative,KICKBACK
Negative,KICKBACKS
Negative,KNOWINGLY
Negative,LACK
Negative,LACKED
Negative,LACKING
Negative,LACKLUSTER
Negative,LACKS
Negative,LAG
Negative,LAGGED
Negative,LAGGING
Negative,LAGS
Negative,LAPSE
Negative,LAPSED
Negative,LAPSES
Negative,LAPSING
Negative,LATE
Negative,LAUNDERING
Negative,LAYOFF
Negative,LAYOFFS
Negative,LIE
Negative,LIMITATION
Negative,LIMITATIONS
Negative,LINGERING
Negative,LIQUIDATE
Negative,LIQUIDATED
Negative,LIQUIDATES
Negative,LIQUIDATING
Negative,LIQUIDATION
Negative,LIQUIDATIONS
Negative,LIQUIDATOR
Negative,LIQUIDATORS
Negative,LITIGANT
Negative,LITIGANTS
Negative,LITIGATE
Negative,LITIGATED
Negative,LITIGATES
Negative,LITIGATING
Negative,LITIGATION
Negative,LITIGATIONS
Negative,LOCKOUT
Negative,LOCKOUTS
Negative,LOSE
Negative,LOSES
Negative,LOSING
Negative,LOSS
Negative,LOSSES
Negative,LOST
Negative,LYING
Negative,MALFEASANCE
Negative,MALFUNCTION
Negative,MALFUNCTIONED
Negative,MALFUNCTIONING
Negative,MALFUNCTIONS
Negative,MALICE
Negative,MALICIOUS
Negative,MALICIOUSLY
Negative,MALPRACTICE
Negative,MANIPULATE
Negative,MANIPULATED
Negative,MANIPULATES
Negative,MANIPULATING
Negative,MANIPULATION
Negative,MANIPULATIONS
Negative,MANIPULATIVE
Negative,MARKDOWN
Negative,MARKDOWNS
Negative,MISAPPLICATION
Negative,MISAPPLICATIONS
Negative,MISAPPLIED
Negative,MISAPPLIES
Negative,MISAPPLY
Negative,MISAPPLYING
Negative,MISAPPROPRIATE
Negative,MISAPPROPRIATED
Negative,MISAPPROPRIATES
Negative,MISAPPROPRIATING
Negative,MISAPPROPRIATION
Negative,MISAPPROPRIATIONS
Negative,MISBRANDED
Negative,MISCALCULATE
Negative,MISCALCULATED
Negative,MISCALCULATES
Negative,MISCALCULATING
Negative,MISCALCULATION
Negative,MISCALCULATIONS
Negative,MISCHARACTERIZATION
Negative,MISCHIEF
Negative,MISCLASSIFICATION
Negative,MISCLASSIFICATIONS
Negative,MISCLASSIFIED
Negative,MISCLASSIFY
Negative,MISCOMMUNICATION
Negative,MISCONDUCT
Negative,MISDATED
Negative,MISDEMEANOR
Negative,MISDEMEANORS
Negative,MISDIRECTED
Negative,MISHANDLE
Negative,MISHANDLED
Negative,MISHANDLES
Negative,MISHANDLING
Negative,MISINFORM
Negative,MISINFORMATION
Negative,MISINFORMED
Negative,MISINFORMING
Negative,MISINFORMS
Negative,MISINTERPRET
Negative,MISINTERPRETATION
Negative,MISINTERPRETATIONS
Negative,MISINTERPRETED
Negative,MISINTERPRETING
Negative,MISINTERPRETS
Negative,MISJUDGE
Negative,MISJUDGED
Negative,MISJUDGES
Negative,MISJUDGING
Negative,MISJUDGMENT
Negative,MISJUDGMENTS
Negative,MISLABEL
Negative,MISLABELED
Negative,MISLABELING
Negative,MISLABELLED
Negative,MISLABELS
Negative,MISLEAD
Negative,MISLEADING
Negative,MISLEADINGLY
Negative,MISLEADS
Negative,MISLED
Negative,MISMANAGE
Negative,MISMANAGED
Negative,MISMANAGEMENT
Negative,MISMANAGES
Negative,MISMANAGING
Negative,MISMATCH
Negative,MISMATCHED
Negative,MISMATCHES
Negative,MISMATCHING
Negative,MISPLACED
Negative,MISPRICE
Negative,MISPRICING
Negative,MISPRICINGS
Negative,MISREPRESENT
Negative,MISREPRESENTATION
Negative,MISREPRESENTATIONS
Negative,MISREPRESENTED
Negative,MISREPRESENTING
Negative,MISREPRESENTS
Negative,MISS
Negative,MISSED
Negative,MISSES
Negative,MISSTATE
Negative,MISSTATED
Negative,MISSTATEMENT
Negative,MISSTATEMENTS
Negative,MISSTATES
Negative,MISSTATING
Negative,MISSTEP
Negative,MISSTEPS
Negative,MISTAKE
Negative,MISTAKEN
Negative,MISTAKENLY
Negative,MISTAKES
Negative,MISTAKING
Negative,MISTRIAL
Negative,MISTRIALS
Negative,MISUNDERSTAND
Negative,MISUNDERSTANDING
Negative,MISUNDERSTANDINGS
Negative,MISUNDERSTOOD
Negative,MISUSE
Negative,MISUSED
Negative,MISUSES
Negative,MISUSING
Negative,MONOPOLISTIC
Negative,MONOPOLISTS
Negative,MONOPOLIZATION
Negative,MONOPOLIZE
Negative,MONOPOLIZED
Negative,MONOPOLIZES
Negative,MONOPOLIZING
Negative,MONOPOLY
Negative,MORATORIA
Negative,MORATORIUM
Negative,MORATORIUMS
Negative,MOTHBALLED
Negative,MOTHBALLING
Negative,NEGATIVE
Negative,NEGATIVELY
Negative,NEGATIVES
Negative,NEGLECT
Negative,NEGLECTED
Negative,NEGLECTFUL
Negative,NEGLECTING
Negative,NEGLECTS
Negative,NEGLIGENCE
Negative,NEGLIGENCES
Negative,NEGLIGENT
Negative,NEGLIGENTLY
Negative,NONATTAINMENT
Negative,NONCOMPETITIVE
Negative,NONCOMPLIANCE
Negative,NONCOMPLIANCES
Negative,NONCOMPLIANT
Negative,NONCOMPLYING
Negative,NONCONFORMING
Negative,NONCONFORMITIES
Negative,NONCONFORMITY
Negative,NONDISCLOSURE
Negative,NONFUNCTIONAL
Negative,NONPAYMENT
Negative,NONPAYMENTS
Negative,NONPERFORMANCE
Negative,NONPERFORMANCES
Negative,NONPERFORMING
Negative,NONPRODUCING
Negative,NONPRODUCTIVE
Negative,NONRECOVERABLE
Negative,NONRENEWAL
Negative,NUISANCE
Negative,NUISANCES
Negative,NULLIFICATION
Negative,NULLIFICATIONS
Negative,NULLIFIED
Negative,NULLIFIES
Negative,NULLIFY
Negative,NULLIFYING
Negative,OBJECTED
Negative,OBJECTING
Negative,OBJECTION
Negative,OBJECTIONABLE
Negative,OBJECTIONABLY
Negative,OBJECTIONS
Negative,OBSCENE
Negative,OBSCENITY
Negative,OBSOLESCENCE
Negative,OBSOLETE
Negative,OBSTACLE
Negative,OBSTACLES
Negative,OBSTRUCT
Negative,OBSTRUCTED
Negative,OBSTRUCTING
Negative,OBSTRUCTION
Negative,OBSTRUCTIONS
Negative,OFFENCE
Negative,OFFENCES
Negative,OFFEND
Negative,OFFENDED
Negative,OFFENDER
Negative,OFFENDERS
Negative,OFFENDING
Negative,OFFENDS
Negative,OMISSION
Negative,OMISSIONS
Negative,OMIT
Negative,OMITS
Negative,OMITTED
Negative,OMITTING
Negative,ONEROUS
Negative,OPPORTUNISTIC
Negative,OPPORTUNISTICALLY
Negative,OPPOSE
Negative,OPPOSED
Negative,OPPOSES
Negative,OPPOSING
Negative,OPPOSITION
Negative,OPPOSITIONS
Negative,OUTAGE
Negative,OUTAGES
Negative,OUTDATED
Negative,OUTMODED
Negative,OVERAGE
Negative,OVERAGES
Negative,OVERBUILD
Negative,OVERBUILDING
Negative,OVERBUILDS
Negative,OVERBUILT
Negative,OVERBURDEN
Negative,OVERBURDENED
Negative,OVERBURDENING
Negative,OVERCAPACITIES
Negative,OVERCAPACITY
Negative,OVERCHARGE
Negative,OVERCHARGED
Negative,OVERCHARGES
Negative,OVERCHARGING
Negative,OVERCOME
Negative,OVERCOMES
Negative,OVERCOMING
Negative,OVERDUE
Negative,OVERESTIMATE
Negative,OVERESTIMATED
Negative,OVERESTIMATES
Negative,OVERESTIMATING
Negative,OVERESTIMATION
Negative,OVERESTIMATIONS
Negative,OVERLOAD
Negative,OVERLOADED
Negative,OVERLOADING
Negative,OVERLOADS
Negative,OVERLOOK
Negative,OVERLOOKED
Negative,OVERLOOKING
Negative,OVERLOOKS
Negative,OVERPAID
Negative,OVERPAYMENT
Negative,OVERPAYMENTS
Negative,OVERPRODUCED
Negative,OVERPRODUCES
Negative,OVERPRODUCING
Negative,OVERPRODUCTION
Negative,OVERRUN
Negative,OVERRUNNING
Negative,OVERRUNS
Negative,OVERSHADOW
Negative,OVERSHADOWED
Negative,OVERSHADOWING
Negative,OVERSHADOWS
Negative,OVERSTATE
Negative,OVERSTATED
Negative,OVERSTATEMENT
Negative,OVERSTATEMENTS
Negative,OVERSTATES
Negative,OVERSTATING
Negative,OVERSUPPLIED
Negative,OVERSUPPLIES
Negative,OVERSUPPLY
Negative,OVERSUPPLYING
Negative,OVERTLY
Negative,OVERTURN
Negative,OVERTURNED
Negative,OVERTURNING
Negative,OVERTURNS
Negative,OVERVALUE
Negative,OVERVALUED
Negative,OVERVALUING
Negative,PANIC
Negative,PANICS
Negative,PENALIZE
Negative,PENALIZED
Negative,PENALIZES
Negative,PENALIZING
Negative,PENALTIES
Negative,PENALTY
Negative,PERIL
Negative,PERILS
Negative,PERJURY
Negative,PERPETRATE
Negative,PERPETRATED
Negative,PERPETRATES
Negative,PERPETRATING
Negative,PERPETRATION
Negative,PERSIST
Negative,PERSISTED
Negative,PERSISTENCE
Negative,PERSISTENT
Negative,PERSISTENTLY
Negative,PERSISTING
Negative,PERSISTS
Negative,PERVASIVE
Negative,PERVASIVELY
Negative,PERVASIVENESS
Negative,PETTY
Negative,PICKET
Negative,PICKETED
Negative,PICKETING
Negative,PLAINTIFF
Negative,PLAINTIFFS
Negative,PLEA
Negative,PLEAD
Negative,PLEADED
Negative,PLEADING
Negative,PLEADINGS
Negative,PLEADS
Negative,PLEAS
Negative,PLED
Negative,POOR
Negative,POORLY
Negative,POSES
Negative,POSING
Negative,POSTPONE
Negative,POSTPONED
Negative,POSTPONEMENT
Negative,POSTPONEMENTS
Negative,POSTPONES
Negative,POSTPONING
Negative,PRECIPITATED
Negative,PRECIPITOUS
Negative,PRECIPITOUSLY
Negative,PRECLUDE
Negative,PRECLUDED
Negative,PRECLUDES
Negative,PRECLUDING
Negative,PREDATORY
Negative,PREJUDICE
Negative,PREJUDICED
Negative,PREJUDICES
Negative,PREJUDICIAL
Negative,PREJUDICING
Negative,PREMATURE
Negative,PREMATURELY
Negative,PRESSING
Negative,PRETRIAL
Negative,PREVENTING
Negative,PREVENTION
Negative,PREVENTS
Negative,PROBLEM
Negative,PROBLEMATIC
Negative,PROBLEMATICAL
Negative,PROBLEMS
Negative,PROLONG
Negative,PROLONGATION
Negative,PROLONGATIONS
Negative,PROLONGED
Negative,PROLONGING
Negative,PROLONGS
Negative,PRONE
Negative,PROSECUTE
Negative,PROSECUTED
Negative,PROSECUTES
Negative,PROSECUTING
Negative,PROSECUTION
Negative,PROSECUTIONS
Negative,PROTEST
Negative,PROTESTED
Negative,PROTESTER
Negative,PROTESTERS
Negative,PROTESTING
Negative,PROTESTOR
Negative,PROTESTORS
Negative,PROTESTS
Negative,PROTRACTED
Negative,PROTRACTION
Negative,PROVOKE
Negative,PROVOKED
Negative,PROVOKES
Negative,PROVOKING
Negative,PUNISHED
Negative,PUNISHES
Negative,PUNISHING
Negative,PUNISHMENT
Negative,PUNISHMENTS
Negative,PUNITIVE
Negative,PURPORT
Negative,PURPORTED
Negative,PURPORTEDLY
Negative,PURPORTING
Negative,PURPORTS
Negative,QUESTION
Negative,QUESTIONABLE
Negative,QUESTIONABLY
Negative,QUESTIONED
Negative,QUESTIONING
Negative,QUESTIONS
Negative,QUIT
Negative,QUITTING
Negative,RACKETEER
Negative,RACKETEERING
Negative,RATIONALIZATION
Negative,RATIONALIZATIONS
Negative,RATIONALIZE
Negative,RATIONALIZED
Negative,RATIONALIZES
Negative,RATIONALIZING
Negative,REASSESSMENT
Negative,REASSESSMENTS
Negative,REASSIGN
Negative,REASSIGNED
Negative,REASSIGNING
Negative,REASSIGNMENT
Negative,REASSIGNMENTS
Negative,REASSIGNS
Negative,RECALL
Negative,RECALLED
Negative,RECALLING
Negative,RECALLS
Negative,RECESSION
Negative,RECESSIONARY
Negative,RECESSIONS
Negative,RECKLESS
Negative,RECKLESSLY
Negative,RECKLESSNESS
Negative,REDACT
Negative,REDACTED
Negative,REDACTING
Negative,REDACTION
Negative,REDACTIONS
Negative,REDEFAULT
Negative,REDEFAULTED
Negative,REDEFAULTS
Negative,REDRESS
Negative,REDRESSED
Negative,REDRESSES
Negative,REDRESSING
Negative,REFUSAL
Negative,REFUSALS
Negative,REFUSE
Negative,REFUSED
Negative,REFUSES
Negative,REFUSING
Negative,REJECT
Negative,REJECTED
Negative,REJECTING
Negative,REJECTION
Negative,REJECTIONS
Negative,REJECTS
Negative,RELINQUISH
Negative,RELINQUISHED
Negative,RELINQUISHES
Negative,RELINQUISHING
Negative,RELINQUISHMENT
Negative,RELINQUISHMENTS
Negative,RELUCTANCE
Negative,RELUCTANT
Negative,RENEGOTIATE
Negative,RENEGOTIATED
Negative,RENEGOTIATES
Negative,RENEGOTIATING
Negative,RENEGOTIATION
Negative,RENEGOTIATIONS
Negative,RENOUNCE
Negative,RENOUNCED
Negative,RENOUNCEMENT
Negative,RENOUNCEMENTS
Negative,RENOUNCES
Negative,RENOUNCING
Negative,REPARATION
Negative,REPARATIONS
Negative,REPOSSESSED
Negative,REPOSSESSES
Negative,REPOSSESSING
Negative,REPOSSESSION
Negative,REPOSSESSIONS
Negative,REPUDIATE
Negative,REPUDIATED
Negative,REPUDIATES
Negative,REPUDIATING
Negative,REPUDIATION
Negative,REPUDIATIONS
Negative,RESIGN
Negative,RESIGNATION
Negative,RESIGNATIONS
Negative,RESIGNED
Negative,RESIGNING
Negative,RESIGNS
Negative,RESTATE
Negative,RESTATED
Negative,RESTATEMENT
Negative,RESTATEMENTS
Negative,RESTATES
Negative,RESTATING
Negative,RESTRUCTURE
Negative,RESTRUCTURED
Negative,RESTRUCTURES
Negative,RESTRUCTURING
Negative,RESTRUCTURINGS
Negative,RETALIATE
Negative,RETALIATED
Negative,RETALIATES
Negative,RETALIATING
Negative,RETALIATION
Negative,RETALIATIONS
Negative,RETALIATORY
Negative,RETRIBUTION
Negative,RETRIBUTIONS
Negative,REVOCATION
Negative,REVOCATIONS
Negative,REVOKE
Negative,REVOKED
Negative,REVOKES
Negative,REVOKING
Negative,RIDICULE
Negative,RIDICULED
Negative,RIDICULES
Negative,RIDICULING
Negative,RISKIER
Negative,RISKIEST
Negative,RISKY
Negative,SABOTAGE
Negative,SACRIFICE
Negative,SACRIFICED
Negative,SACRIFICES
Negative,SACRIFICIAL
Negative,SACRIFICING
Negative,SCANDALOUS
Negative,SCANDALS
Negative,SCRUTINIZE
Negative,SCRUTINIZED
Negative,SCRUTINIZES
Negative,SCRUTINIZING
Negative,SCRUTINY
Negative,SECRECY
Negative,SEIZE
Negative,SEIZED
Negative,SEIZES
Negative,SEIZING
Negative,SENTENCED
Negative,SENTENCING
Negative,SERIOUS
Negative,SERIOUSLY
Negative,SERIOUSNESS
Negative,SETBACK
Negative,SETBACKS
Negative,SEVER
Negative,SEVERE
Negative,SEVERED
Negative,SEVERELY
Negative,SEVERITIES
Negative,SEVERITY
Negative,SHARPLY
Negative,SHOCKED
Negative,SHORTAGE
Negative,SHORTAGES
Negative,SHORTFALL
Negative,SHORTFALLS
Negative,SHRINKAGE
Negative,SHRINKAGES
Negative,SHUT
Negative,SHUTDOWN
Negative,SHUTDOWNS
Negative,SHUTS
Negative,SHUTTING
Negative,SLANDER
Negative,SLANDERED
Negative,SLANDEROUS
Negative,SLANDERS
Negative,SLIPPAGE
Negative,SLIPPAGES
Negative,SLOW
Negative,SLOWDOWN
Negative,SLOWDOWNS
Negative,SLOWED
Negative,SLOWER
Negative,SLOWEST
Negative,SLOWING
Negative,SLOWLY
Negative,SLOWNESS
Negative,SLUGGISH
Negative,SLUGGISHLY
Negative,SLUGGISHNESS
Negative,SOLVENCIES
Negative,SOLVENCY
Negative,SPAM
Negative,SPAMMERS
Negative,SPAMMING
Negative,STAGGERING
Negative,STAGNANT
Negative,STAGNATE
Negative,STAGNATED
Negative,STAGNATES
Negative,STAGNATING
Negative,STAGNATION
Negative,STANDSTILL
Negative,STANDSTILLS
Negative,STOLEN
Negative,STOPPAGE
Negative,STOPPAGES
Negative,STOPPED
Negative,STOPPING
Negative,STOPS
Negative,STRAIN
Negative,STRAINED
Negative,STRAINING
Negative,STRAINS
Negative,STRESS
Negative,STRESSED
Negative,STRESSES
Negative,STRESSFUL
Negative,STRESSING
Negative,STRINGENT
Negative,SUBJECTED
Negative,SUBJECTING
Negative,SUBJECTION
Negative,SUBPOENA
Negative,SUBPOENAED
Negative,SUBPOENAS
Negative,SUBSTANDARD
Negative,SUE
Negative,SUED
Negative,SUES
Negative,SUFFER
Negative,SUFFERED
Negative,SUFFERING
Negative,SUFFERS
Negative,SUING
Negative,SUMMONED
Negative,SUMMONING
Negative,SUMMONS
Negative,SUMMONSES
Negative,SUSCEPTIBILITY
Negative,SUSCEPTIBLE
Negative,SUSPECT
Negative,SUSPECTED
Negative,SUSPECTS
Negative,SUSPEND
Negative,SUSPENDED
Negative,SUSPENDING
Negative,SUSPENDS
Negative,SUSPENSION
Negative,SUSPENSIONS
Negative,SUSPICION
Negative,SUSPICIONS
Negative,SUSPICIOUS
Negative,SUSPICIOUSLY
Negative,TAINT
Negative,TAINTED
Negative,TAINTING
Negative,TAINTS
Negative,TAMPERED
Negative,TENSE
Negative,TERMINATE
Negative,TERMINATED
Negative,TERMINATES
Negative,TERMINATING
Negative,TERMINATION
Negative,TERMINATIONS
Negative,TESTIFY
Negative,TESTIFYING
Negative,THREAT
Negative,THREATEN
Negative,THREATENED
Negative,THREATENING
Negative,THREATENS
Negative,THREATS
Negative,TIGHTENING
Negative,TOLERATE
Negative,TOLERATED
Negative,TOLERATES
Negative,TOLERATING
Negative,TOLERATION
Negative,TORTUOUS
Negative,TORTUOUSLY
Negative,TRAGEDIES
Negative,TRAGEDY
Negative,TRAGIC
Negative,TRAGICALLY
Negative,TRAUMATIC
Negative,TROUBLE
Negative,TROUBLED
Negative,TROUBLES
Negative,TURBULENCE
Negative,TURMOIL
Negative,UNABLE
Negative,UNACCEPTABLE
Negative,UNACCEPTABLY
Negative,UNACCOUNTED
Negative,UNANNOUNCED
Negative,UNANTICIPATED
Negative,UNAPPROVED
Negative,UNATTRACTIVE
Negative,UNAUTHORIZED
Negative,UNAVAILABILITY
Negative,UNAVAILABLE
Negative,UNAVOIDABLE
Negative,UNAVOIDABLY
Negative,UNAWARE
Negative,UNCOLLECTABLE
Negative,UNCOLLECTED
Negative,UNCOLLECTIBILITY
Negative,UNCOLLECTIBLE
Negative,UNCOLLECTIBLES
Negative,UNCOMPETITIVE
Negative,UNCOMPLETED
Negative,UNCONSCIONABLE
Negative,UNCONSCIONABLY
Negative,UNCONTROLLABLE
Negative,UNCONTROLLABLY
Negative,UNCONTROLLED
Negative,UNCORRECTED
Negative,UNCOVER
Negative,UNCOVERED
Negative,UNCOVERING
Negative,UNCOVERS
Negative,UNDELIVERABLE
Negative,UNDELIVERED
Negative,UNDERCAPITALIZED
Negative,UNDERCUT
Negative,UNDERCUTS
Negative,UNDERCUTTING
Negative,UNDERESTIMATE
Negative,UNDERESTIMATED
Negative,UNDERESTIMATES
Negative,UNDERESTIMATING
Negative,UNDERESTIMATION
Negative,UNDERFUNDED
Negative,UNDERINSURED
Negative,UNDERMINE
Negative,UNDERMINED
Negative,UNDERMINES
Negative,UNDERMINING
Negative,UNDERPAID
Negative,UNDERPAYMENT
Negative,UNDERPAYMENTS
Negative,UNDERPAYS
Negative,UNDERPERFORM
Negative,UNDERPERFORMANCE
Negative,UNDERPERFORMED
Negative,UNDERPERFORMING
Negative,UNDERPERFORMS
Negative,UNDERPRODUCED
Negative,UNDERPRODUCTION
Negative,UNDERREPORTING
Negative,UNDERSTATE
Negative,UNDERSTATED
Negative,UNDERSTATEMENT
Negative,UNDERSTATEMENTS
Negative,UNDERSTATES
Negative,UNDERSTATING
Negative,UNDERUTILIZATION
Negative,UNDERUTILIZED
Negative,UNDESIRABLE
Negative,UNDESIRED
Negative,UNDETECTED
Negative,UNDETERMINED
Negative,UNDISCLOSED
Negative,UNDOCUMENTED
Negative,UNDUE
Negative,UNDULY
Negative,UNECONOMIC
Negative,UNECONOMICAL
Negative,UNECONOMICALLY
Negative,UNEMPLOYED
Negative,UNEMPLOYMENT
Negative,UNETHICAL
Negative,UNETHICALLY
Negative,UNEXCUSED
Negative,UNEXPECTED
Negative,UNEXPECTEDLY
Negative,UNFAIR
Negative,UNFAIRLY
Negative,UNFAVORABILITY
Negative,UNFAVORABLE
Negative,UNFAVORABLY
Negative,UNFAVOURABLE
Negative,UNFEASIBLE
Negative,UNFIT
Negative,UNFITNESS
Negative,UNFORESEEABLE
Negative,UNFORESEEN
Negative,UNFORSEEN
Negative,UNFORTUNATE
Negative,UNFORTUNATELY
Negative,UNFOUNDED
Negative,UNFRIENDLY
Negative,UNFULFILLED
Negative,UNFUNDED
Negative,UNINSURED
Negative,UNINTENDED
Negative,UNINTENTIONAL
Negative,UNINTENTIONALLY
Negative,UNJUST
Negative,UNJUSTIFIABLE
Negative,UNJUSTIFIABLY
Negative,UNJUSTIFIED
Negative,UNJUSTLY
Negative,UNKNOWING
Negative,UNKNOWINGLY
Negative,UNLAWFUL
Negative,UNLAWFULLY
Negative,UNLICENSED
Negative,UNLIQUIDATED
Negative,UNMARKETABLE
Negative,UNMERCHANTABLE
Negative,UNMERITORIOUS
Negative,UNNECESSARILY
Negative,UNNECESSARY
Negative,UNNEEDED
Negative,UNOBTAINABLE
Negative,UNOCCUPIED
Negative,UNPAID
Negative,UNPERFORMED
Negative,UNPLANNED
Negative,UNPOPULAR
Negative,UNPREDICTABILITY
Negative,UNPREDICTABLE
Negative,UNPREDICTABLY
Negative,UNPREDICTED
Negative,UNPRODUCTIVE
Negative,UNPROFITABILITY
Negative,UNPROFITABLE
Negative,UNQUALIFIED
Negative,UNREALISTIC
Negative,UNREASONABLE
Negative,UNREASONABLENESS
Negative,UNREASONABLY
Negative,UNRECEPTIVE
Negative,UNRECOVERABLE
Negative,UNRECOVERED
Negative,UNREIMBURSED
Negative,UNRELIABLE
Negative,UNREMEDIED
Negative,UNREPORTED
Negative,UNRESOLVED
Negative,UNREST
Negative,UNSAFE
Negative,UNSALABLE
Negative,UNSALEABLE
Negative,UNSATISFACTORY
Negative,UNSATISFIED
Negative,UNSAVORY
Negative,UNSCHEDULED
Negative,UNSELLABLE
Negative,UNSOLD
Negative,UNSOUND
Negative,UNSTABILIZED
Negative,UNSTABLE
Negative,UNSUBSTANTIATED
Negative,UNSUCCESSFUL
Negative,UNSUCCESSFULLY
Negative,UNSUITABILITY
Negative,UNSUITABLE
Negative,UNSUITABLY
Negative,UNSUITED
Negative,UNSURE
Negative,UNSUSPECTED
Negative,UNSUSPECTING
Negative,UNSUSTAINABLE
Negative,UNTENABLE
Negative,UNTIMELY
Negative,UNTRUSTED
Negative,UNTRUTH
Negative,UNTRUTHFUL
Negative,UNTRUTHFULLY
Negative,UNTRUTHFULNESS
Negative,UNTRUTHS
Negative,UNUSABLE
Negative,UNWANTED
Negative,UNWARRANTED
Negative,UNWELCOME
Negative,UNWILLING
Negative,UNWILLINGNESS
Negative,UPSET
Negative,URGENCY
Negative,URGENT
Negative,USURIOUS
Negative,USURP
Negative,USURPED
Negative,USURPING
Negative,USURPS
Negative,USURY
Negative,VANDALISM
Negative,VERDICT
Negative,VERDICTS
Negative,VETOED
Negative,VICTIMS
Negative,VIOLATE
Negative,VIOLATED
Negative,VIOLATES
Negative,VIOLATING
Negative,VIOLATION
Negative,VIOLATIONS
Negative,VIOLATIVE
Negative,VIOLATOR
Negative,VIOLATORS
Negative,VIOLENCE
Negative,VIOLENT
Negative,VIOLENTLY
Negative,VITIATE
Negative,VITIATED
Negative,VITIATES
Negative,VITIATING
Negative,VITIATION
Negative,VOIDED
Negative,VOIDING
Negative,VOLATILE
Negative,VOLATILITY
Negative,VULNERABILITIES
Negative,VULNERABILITY
Negative,VULNERABLE
Negative,VULNERABLY
Negative,WARN
Negative,WARNED
Negative,WARNING
Negative,WARNINGS
Negative,WARNS
Negative,WASTED
Negative,WASTEFUL
Negative,WASTING
Negative,WEAK
Negative,WEAKEN
Negative,WEAKENED
Negative,WEAKENING
Negative,WEAKENS
Negative,WEAKER
Negative,WEAKEST
Negative,WEAKLY
Negative,WEAKNESS
Negative,WEAKNESSES
Negative,WILLFULLY
Negative,WORRIES
Negative,WORRY
Negative,WORRYING
Negative,WORSE
Negative,WORSEN
Negative,WORSENED
Negative,WORSENING
Negative,WORSENS
Negative,WORST
Negative,WORTHLESS
Negative,WRITEDOWN
Negative,WRITEDOWNS
Negative,WRITEOFF
Negative,WRITEOFFS
Negative,WRONG
Negative,WRONGDOING
Negative,WRONGDOINGS
Negative,WRONGFUL
Negative,WRONGFULLY
Negative,WRONGLY
Positive,ABLE
Positive,ABUNDANCE
Positive,ABUNDANT
Positive,ACCLAIMED
Positive,ACCOMPLISH
Positive,ACCOMPLISHED
Positive,ACCOMPLISHES
Positive,ACCOMPLISHING
Positive,ACCOMPLISHMENT
Positive,ACCOMPLISHMENTS
Positive,ACHIEVE
Positive,ACHIEVED
Positive,ACHIEVEMENT
Positive,ACHIEVEMENTS
Positive,ACHIEVES
Positive,ACHIEVING
Positive,ADEQUATELY
Positive,ADVANCEMENT
Positive,ADVANCEMENTS
Positive,ADVANCES
Positive,ADVANCING
Positive,ADVANTAGE
Positive,ADVANTAGED
Positive,ADVANTAGEOUS
Positive,ADVANTAGEOUSLY
Positive,ADVANTAGES
Positive,ALLIANCE
Positive,ALLIANCES
Positive,ASSURE
Positive,ASSURED
Positive,ASSURES
Positive,ASSURING
Positive,ATTAIN
Positive,ATTAINED
Positive,ATTAINING
Positive,ATTAINMENT
Positive,ATTAINMENTS
Positive,ATTAINS
Positive,ATTRACTIVE
Positive,ATTRACTIVENESS
Positive,BEAUTIFUL
Positive,BEAUTIFULLY
Positive,BENEFICIAL
Positive,BENEFICIALLY
Positive,BENEFIT
Positive,BENEFITED
Positive,BENEFITING
Positive,BENEFITTED
Positive,BENEFITTING
Positive,BEST
Positive,BETTER
Positive,BOLSTERED
Positive,BOLSTERING
Positive,BOLSTERS
Positive,BOOM
Positive,BOOMING
Positive,BOOST
Positive,BOOSTED
Positive,BREAKTHROUGH
Positive,BREAKTHROUGHS
Positive,BRILLIANT
Positive,CHARITABLE
Positive,COLLABORATE
Positive,COLLABORATED
Positive,COLLABORATES
Positive,COLLABORATING
Positive,COLLABORATION
Positive,COLLABORATIONS
Positive,COLLABORATIVE
Positive,COLLABORATOR
Positive,COLLABORATORS
Positive,COMPLIMENT
Positive,COMPLIMENTARY
Positive,COMPLIMENTED
Positive,COMPLIMENTING
Positive,COMPLIMENTS
Positive,CONCLUSIVE
Positive,CONCLUSIVELY
Positive,CONDUCIVE
Positive,CONFIDENT
Positive,CONSTRUCTIVE
Positive,CONSTRUCTIVELY
Positive,COURTEOUS
Positive,CREATIVE
Positive,CREATIVELY
Positive,CREATIVENESS
Positive,CREATIVITY
Positive,DELIGHT
Positive,DELIGHTED
Positive,DELIGHTFUL
Positive,DELIGHTFULLY
Positive,DELIGHTING
Positive,DELIGHTS
Positive,DEPENDABILITY
Positive,DEPENDABLE
Positive,DESIRABLE
Positive,DESIRED
Positive,DESPITE
Positive,DESTINED
Positive,DILIGENT
Positive,DILIGENTLY
Positive,DISTINCTION
Positive,DISTINCTIONS
Positive,DISTINCTIVE
Positive,DISTINCTIVELY
Positive,DISTINCTIVENESS
Positive,DREAM
Positive,EASIER
Positive,EASILY
Positive,EASY
Positive,EFFECTIVE
Positive,EFFICIENCIES
Positive,EFFICIENCY
Positive,EFFICIENT
Positive,EFFICIENTLY
Positive,EMPOWER
Positive,EMPOWERED
Positive,EMPOWERING
Positive,EMPOWERS
Positive,ENABLE
Positive,ENABLED
Positive,ENABLES
Positive,ENABLING
Positive,ENCOURAGED
Positive,ENCOURAGEMENT
Positive,ENCOURAGES
Positive,ENCOURAGING
Positive,ENHANCE
Positive,ENHANCED
Positive,ENHANCEMENT
Positive,ENHANCEMENTS
Positive,ENHANCES
Positive,ENHANCING
Positive,ENJOY
Positive,ENJOYABLE
Positive,ENJOYABLY
Positive,ENJOYED
Positive,ENJOYING
Positive,ENJOYMENT
Positive,ENJOYS
Positive,ENTHUSIASM
Positive,ENTHUSIASTIC
Positive,ENTHUSIASTICALLY
Positive,EXCELLENCE
Positive,EXCELLENT
Positive,EXCELLING
Positive,EXCELS
Positive,EXCEPTIONAL
Positive,EXCEPTIONALLY
Positive,EXCITED
Positive,EXCITEMENT
Positive,EXCITING
Positive,EXCLUSIVE
Positive,EXCLUSIVELY
Positive,EXCLUSIVENESS
Positive,EXCLUSIVES
Positive,EXCLUSIVITY
Positive,EXEMPLARY
Positive,FANTASTIC
Positive,FAVORABLE
Positive,FAVORABLY
Positive,FAVORED
Positive,FAVORING
Positive,FAVORITE
Positive,FAVORITES
Positive,FRIENDLY
Positive,GAIN
Positive,GAINED
Positive,GAINING
Positive,GAINS
Positive,GOOD
Positive,GREAT
Positive,GREATER
Positive,GREATEST
Positive,GREATLY
Positive,GREATNESS
Positive,HAPPIEST
Positive,HAPPILY
Positive,HAPPINESS
Positive,HAPPY
Positive,HIGHEST
Positive,HONOR
Positive,HONORABLE
Positive,HONORED
Positive,HONORING
Positive,HONORS
Positive,IDEAL
Positive,IMPRESS
Positive,IMPRESSED
Positive,IMPRESSES
Positive,IMPRESSING
Positive,IMPRESSIVE
Positive,IMPRESSIVELY
Positive,IMPROVE
Positive,IMPROVED
Positive,IMPROVEMENT
Positive,IMPROVEMENTS
Positive,IMPROVES
Positive,IMPROVING
Positive,INCREDIBLE
Positive,INCREDIBLY
Positive,INFLUENTIAL
Positive,INFORMATIVE
Positive,INGENUITY
Positive,INNOVATE
Positive,INNOVATED
Positive,INNOVATES
Positive,INNOVATING
Positive,INNOVATION
Positive,INNOVATIONS
Positive,INNOVATIVE
Positive,INNOVATIVENESS
Positive,INNOVATOR
Positive,INNOVATORS
Positive,INSIGHTFUL
Positive,INSPIRATION
Positive,INSPIRATIONAL
Positive,INTEGRITY
Positive,INVENT
Positive,INVENTED
Positive,INVENTING
Positive,INVENTION
Positive,INVENTIONS
Positive,INVENTIVE
Positive,INVENTIVENESS
Positive,INVENTOR
Positive,INVENTORS
Positive,LEADERSHIP
Positive,LEADING
Positive,LOYAL
Positive,LUCRATIVE
Positive,MERITORIOUS
Positive,OPPORTUNITIES
Positive,OPPORTUNITY
Positive,OPTIMISTIC
Positive,OUTPERFORM
Positive,OUTPERFORMED
Positive,OUTPERFORMING
Positive,OUTPERFORMS
Positive,PERFECT
Positive,PERFECTED
Positive,PERFECTLY
Positive,PERFECTS
Positive,PLEASANT
Positive,PLEASANTLY
Positive,PLEASED
Positive,PLEASURE
Positive,PLENTIFUL
Positive,POPULAR
Positive,POPULARITY
Positive,POSITIVE
Positive,POSITIVELY
Positive,PREEMINENCE
Positive,PREEMINENT
Positive,PREMIER
Positive,PREMIERE
Positive,PRESTIGE
Positive,PRESTIGIOUS
Positive,PROACTIVE
Positive,PROACTIVELY
Positive,PROFICIENCY
Positive,PROFICIENT
Positive,PROFICIENTLY
Positive,PROFITABILITY
Positive,PROFITABLE
Positive,PROFITABLY
Positive,PROGRESS
Positive,PROGRESSED
Positive,PROGRESSES
Positive,PROGRESSING
Positive,PROSPERED
Positive,PROSPERING
Positive,PROSPERITY
Positive,PROSPEROUS
Positive,PROSPERS
Positive,REBOUND
Positive,REBOUNDED
Positive,REBOUNDING
Positive,RECEPTIVE
Positive,REGAIN
Positive,REGAINED
Positive,REGAINING
Positive,RESOLVE
Positive,REVOLUTIONIZE
Positive,REVOLUTIONIZED
Positive,REVOLUTIONIZES
Positive,REVOLUTIONIZING
Positive,REWARD
Positive,REWARDED
Positive,REWARDING
Positive,REWARDS
Positive,SATISFACTION
Positive,SATISFACTORILY
Positive,SATISFACTORY
Positive,SATISFIED
Positive,SATISFIES
Positive,SATISFY
Positive,SATISFYING
Positive,SMOOTH
Positive,SMOOTHING
Positive,SMOOTHLY
Positive,SMOOTHS
Positive,SOLVES
Positive,SOLVING
Positive,SPECTACULAR
Positive,SPECTACULARLY
Positive,STABILITY
Positive,STABILIZATION
Positive,STABILIZATIONS
Positive,STABILIZE
Positive,STABILIZED
Positive,STABILIZES
Positive,STABILIZING
Positive,STABLE
Positive,STRENGTH
Positive,STRENGTHEN
Positive,STRENGTHENED
Positive,STRENGTHENING
Positive,STRENGTHENS
Positive,STRENGTHS
Positive,STRONG
Positive,STRONGER
Positive,STRONGEST
Positive,SUCCEED
Positive,SUCCEEDED
Positive,SUCCEEDING
Positive,SUCCEEDS
Positive,SUCCESS
Positive,SUCCESSES
Positive,SUCCESSFUL
Positive,SUCCESSFULLY
Positive,SUPERIOR
Positive,SURPASS
Positive,SURPASSED
Positive,SURPASSES
Positive,SURPASSING
Positive,TRANSPARENCY
Positive,TREMENDOUS
Positive,TREMENDOUSLY
Positive,UNMATCHED
Positive,UNPARALLELED
Positive,UNSURPASSED
Positive,UPTURN
Positive,UPTURNS
Positive,VALUABLE
Positive,VERSATILE
Positive,VERSATILITY
Positive,VIBRANCY
Positive,VIBRANT
Positive,WIN
Positive,WINNER
Positive,WINNERS
Positive,WINNING
Positive,WORTHY
Uncertainty,ABEYANCE
Uncertainty,ABEYANCES
Uncertainty,ALMOST
Uncertainty,ALTERATION
Uncertainty,ALTERATIONS
Uncertainty,AMBIGUITIES
Uncertainty,AMBIGUITY
Uncertainty,AMBIGUOUS
Uncertainty,ANOMALIES
Uncertainty,ANOMALOUS
Uncertainty,ANOMALOUSLY
Uncertainty,ANOMALY
Uncertainty,ANTICIPATE
Uncertainty,ANTICIPATED
Uncertainty,ANTICIPATES
Uncertainty,ANTICIPATING
Uncertainty,ANTICIPATION
Uncertainty,ANTICIPATIONS
Uncertainty,APPARENT
Uncertainty,APPARENTLY
Uncertainty,APPEAR
Uncertainty,APPEARED
Uncertainty,APPEARING
Uncertainty,APPEARS
Uncertainty,APPROXIMATE
Uncertainty,APPROXIMATED
Uncertainty,APPROXIMATELY
Uncertainty,APPROXIMATES
Uncertainty,APPROXIMATING
Uncertainty,APPROXIMATION
Uncertainty,APPROXIMATIONS
Uncertainty,ARBITRARILY
Uncertainty,ARBITRARINESS
Uncertainty,ARBITRARY
Uncertainty,ASSUME
Uncertainty,ASSUMED
Uncertainty,ASSUMES
Uncertainty,ASSUMING
Uncertainty,ASSUMPTION
Uncertainty,ASSUMPTIONS
Uncertainty,BELIEVE
Uncertainty,BELIEVED
Uncertainty,BELIEVES
Uncertainty,BELIEVING
Uncertainty,CAUTIOUS
Uncertainty,CAUTIOUSLY
Uncertainty,CAUTIOUSNESS
Uncertainty,CLARIFICATION
Uncertainty,CLARIFICATIONS
Uncertainty,CONCEIVABLE
Uncertainty,CONCEIVABLY
Uncertainty,CONDITIONAL
Uncertainty,CONDITIONALLY
Uncertainty,CONFUSES
Uncertainty,CONFUSING
Uncertainty,CONFUSINGLY
Uncertainty,CONFUSION
Uncertainty,CONTINGENCIES
Uncertainty,CONTINGENCY
Uncertainty,CONTINGENT
Uncertainty,CONTINGENTLY
Uncertainty,CONTINGENTS
Uncertainty,COULD
Uncertainty,CROSSROAD
Uncertainty,CROSSROADS
Uncertainty,DEPEND
Uncertainty,DEPENDED
Uncertainty,DEPENDENCE
Uncertainty,DEPENDENCIES
Uncertainty,DEPENDENCY
Uncertainty,DEPENDENT
Uncertainty,DEPENDING
Uncertainty,DEPENDS
Uncertainty,DESTABILIZING
Uncertainty,DEVIATE
Uncertainty,DEVIATED
Uncertainty,DEVIATES
Uncertainty,DEVIATING
Uncertainty,DEVIATION
Uncertainty,DEVIATIONS
Uncertainty,DIFFER
Uncertainty,DIFFERED
Uncertainty,DIFFERING
Uncertainty,DIFFERS
Uncertainty,DOUBT
Uncertainty,DOUBTED
Uncertainty,DOUBTFUL
Uncertainty,DOUBTS
Uncertainty,EXPOSURE
Uncertainty,EXPOSURES
Uncertainty,FLUCTUATE
Uncertainty,FLUCTUATED
Uncertainty,FLUCTUATES
Uncertainty,FLUCTUATING
Uncertainty,FLUCTUATION
Uncertainty,FLUCTUATIONS
Uncertainty,HIDDEN
Uncertainty,HINGES
Uncertainty,IMPRECISE
Uncertainty,IMPRECISION
Uncertainty,IMPRECISIONS
Uncertainty,IMPROBABILITY
Uncertainty,IMPROBABLE
Uncertainty,INCOMPLETENESS
Uncertainty,INDEFINITE
Uncertainty,INDEFINITELY
Uncertainty,INDEFINITENESS
Uncertainty,INDETERMINABLE
Uncertainty,INDETERMINATE
Uncertainty,INEXACT
Uncertainty,INEXACTNESS
Uncertainty,INSTABILITIES
Uncertainty,INSTABILITY
Uncertainty,INTANGIBLE
Uncertainty,INTANGIBLES
Uncertainty,LIKELIHOOD
Uncertainty,MAY
Uncertainty,MAYBE
Uncertainty,MIGHT
Uncertainty,NEARLY
Uncertainty,NONASSESSABLE
Uncertainty,OCCASIONALLY
Uncertainty,ORDINARILY
Uncertainty,PENDING
Uncertainty,PERHAPS
Uncertainty,POSSIBILITIES
Uncertainty,POSSIBILITY
Uncertainty,POSSIBLE
Uncertainty,POSSIBLY
Uncertainty,PRECAUTION
Uncertainty,PRECAUTIONARY
Uncertainty,PRECAUTIONS
Uncertainty,PREDICT
Uncertainty,PREDICTABILITY
Uncertainty,PREDICTED
Uncertainty,PREDICTING
Uncertainty,PREDICTION
Uncertainty,PREDICTIONS
Uncertainty,PREDICTIVE
Uncertainty,PREDICTOR
Uncertainty,PREDICTORS
Uncertainty,PREDICTS
Uncertainty,PRELIMINARILY
Uncertainty,PRELIMINARY
Uncertainty,PRESUMABLY
Uncertainty,PRESUME
Uncertainty,PRESUMED
Uncertainty,PRESUMES
Uncertainty,PRESUMING
Uncertainty,PRESUMPTION
Uncertainty,PRESUMPTIONS
Uncertainty,PROBABILISTIC
Uncertainty,PROBABILITIES
Uncertainty,PROBABILITY
Uncertainty,PROBABLE
Uncertainty,PROBABLY
Uncertainty,RANDOM
Uncertainty,RANDOMIZE
Uncertainty,RANDOMIZED
Uncertainty,RANDOMIZES
Uncertainty,RANDOMIZING
Uncertainty,RANDOMLY
Uncertainty,RANDOMNESS
Uncertainty,REASSESS
Uncertainty,REASSESSED
Uncertainty,REASSESSES
Uncertainty,REASSESSING
Uncertainty,REASSESSMENT
Uncertainty,REASSESSMENTS
Uncertainty,RECALCULATE
Uncertainty,RECALCULATED
Uncertainty,RECALCULATES
Uncertainty,RECALCULATING
Uncertainty,RECALCULATION
Uncertainty,RECALCULATIONS
Uncertainty,RECONSIDER
Uncertainty,RECONSIDERED
Uncertainty,RECONSIDERING
Uncertainty,RECONSIDERS
Uncertainty,REEXAMINATION
Uncertainty,REEXAMINE
Uncertainty,REEXAMINING
Uncertainty,REINTERPRET
Uncertainty,REINTERPRETATION
Uncertainty,REINTERPRETATIONS
Uncertainty,REINTERPRETED
Uncertainty,REINTERPRETING
Uncertainty,REINTERPRETS
Uncertainty,REVISE
Uncertainty,REVISED
Uncertainty,RISK
Uncertainty,RISKED
Uncertainty,RISKIER
Uncertainty,RISKIEST
Uncertainty,RISKINESS
Uncertainty,RISKING
Uncertainty,RISKS
Uncertainty,RISKY
Uncertainty,ROUGHLY
Uncertainty,RUMORS
Uncertainty,SEEMS
Uncertainty,SELDOM
Uncertainty,SELDOMLY
Uncertainty,SOMETIME
Uncertainty,SOMETIMES
Uncertainty,SOMEWHAT
Uncertainty,SOMEWHERE
Uncertainty,SPECULATE
Uncertainty,SPECULATED
Uncertainty,SPECULATES
Uncertainty,SPECULATING
Uncertainty,SPECULATION
Uncertainty,SPECULATIONS
Uncertainty,SPECULATIVE
Uncertainty,SPECULATIVELY
Uncertainty,SPORADIC
Uncertainty,SPORADICALLY
Uncertainty,SUDDEN
Uncertainty,SUDDENLY
Uncertainty,SUGGEST
Uncertainty,SUGGESTED
Uncertainty,SUGGESTING
Uncertainty,SUGGESTS
Uncertainty,SUSCEPTIBILITY
Uncertainty,TENDING
Uncertainty,TENTATIVE
Uncertainty,TENTATIVELY
Uncertainty,TURBULENCE
Uncertainty,UNCERTAIN
Uncertainty,UNCERTAINLY
Uncertainty,UNCERTAINTIES
Uncertainty,UNCERTAINTY
Uncertainty,UNCLEAR
Uncertainty,UNCONFIRMED
Uncertainty,UNDECIDED
Uncertainty,UNDEFINED
Uncertainty,UNDESIGNATED
Uncertainty,UNDETECTABLE
Uncertainty,UNDETERMINABLE
Uncertainty,UNDETERMINED
Uncertainty,UNDOCUMENTED
Uncertainty,UNEXPECTED
Uncertainty,UNEXPECTEDLY
Uncertainty,UNFAMILIAR
Uncertainty,UNFAMILIARITY
Uncertainty,UNFORECASTED
Uncertainty,UNFORSEEN
Uncertainty,UNGUARANTEED
Uncertainty,UNHEDGED
Uncertainty,UNIDENTIFIABLE
Uncertainty,UNIDENTIFIED
Uncertainty,UNKNOWN
Uncertainty,UNKNOWNS
Uncertainty,UNOBSERVABLE
Uncertainty,UNPLANNED
Uncertainty,UNPREDICTABILITY
Uncertainty,UNPREDICTABLE
Uncertainty,UNPREDICTABLY
Uncertainty,UNPREDICTED
Uncertainty,UNPROVED
Uncertainty,UNPROVEN
Uncertainty,UNQUANTIFIABLE
Uncertainty,UNQUANTIFIED
Uncertainty,UNRECONCILED
Uncertainty,UNSEASONABLE
Uncertainty,UNSEASONABLY
Uncertainty,UNSETTLED
Uncertainty,UNSPECIFIC
Uncertainty,UNSPECIFIED
Uncertainty,UNTESTED
Uncertainty,UNUSUAL
Uncertainty,UNUSUALLY
Uncertainty,UNWRITTEN
Uncertainty,VAGARIES
Uncertainty,VAGUE
Uncertainty,VAGUELY
Uncertainty,VAGUENESS
Uncertainty,VAGUENESSES
Uncertainty,VAGUER
Uncertainty,VAGUEST
Uncertainty,VARIABILITY
Uncertainty,VARIABLE
Uncertainty,VARIABLES
Uncertainty,VARIABLY
Uncertainty,VARIANCE
Uncertainty,VARIANCES
Uncertainty,VARIANT
Uncertainty,VARIANTS
Uncertainty,VARIATION
Uncertainty,VARIATIONS
Uncertainty,VARIED
Uncertainty,VARIES
Uncertainty,VARY
Uncertainty,VARYING
Uncertainty,VOLATILE
Uncertainty,VOLATILITIES
Uncertainty,VOLATILITY
Litigious,ABOVEMENTIONED
Litigious,ABROGATE
Litigious,ABROGATED
Litigious,ABROGATES
Litigious,ABROGATING
Litigious,ABROGATION
Litigious,ABROGATIONS
Litigious,ABSOLVE
Litigious,ABSOLVED
Litigious,ABSOLVES
Litigious,ABSOLVING
Litigious,ACCESSION
Litigious,ACCESSIONS
Litigious,ACQUIREES
Litigious,ACQUIRORS
Litigious,ACQUIT
Litigious,ACQUITS
Litigious,ACQUITTAL
Litigious,ACQUITTALS
Litigious,ACQUITTANCE
Litigious,ACQUITTANCES
Litigious,ACQUITTED
Litigious,ACQUITTING
Litigious,ADDENDUMS
Litigious,ADJOURN
Litigious,ADJOURNED
Litigious,ADJOURNING
Litigious,ADJOURNMENT
Litigious,ADJOURNMENTS
Litigious,ADJOURNS
Litigious,ADJUDGE
Litigious,ADJUDGED
Litigious,ADJUDGES
Litigious,ADJUDGING
Litigious,ADJUDICATE
Litigious,ADJUDICATED
Litigious,ADJUDICATES
Litigious,ADJUDICATING
Litigious,ADJUDICATION
Litigious,ADJUDICATIONS
Litigious,ADJUDICATIVE
Litigious,ADJUDICATOR
Litigious,ADJUDICATORS
Litigious,ADJUDICATORY
Litigious,ADMISSIBILITY
Litigious,ADMISSIBLE
Litigious,ADMISSIBLY
Litigious,ADMISSION
Litigious,ADMISSIONS
Litigious,AFFIDAVIT
Litigious,AFFIDAVITS
Litigious,AFFIRMANCE
Litigious,AFFREIGHTMENT
Litigious,AFOREDESCRIBED
Litigious,AFOREMENTIONED
Litigious,AFORESAID
Litigious,AFORESTATED
Litigious,AGGRIEVED
Litigious,ALLEGATION
Litigious,ALLEGATIONS
Litigious,ALLEGE
Litigious,ALLEGED
Litigious,ALLEGEDLY
Litigious,ALLEGES
Litigious,ALLEGING
Litigious,AMEND
Litigious,AMENDABLE
Litigious,AMENDATORY
Litigious,AMENDED
Litigious,AMENDING
Litigious,AMENDMENT
Litigious,AMENDMENTS
Litigious,AMENDS
Litigious,ANTECEDENT
Litigious,ANTECEDENTS
Litigious,ANTICORRUPTION
Litigious,ANTITRUST
Litigious,ANYWISE
Litigious,APPEAL
Litigious,APPEALABLE
Litigious,APPEALED
Litigious,APPEALING
Litigious,APPEALS
Litigious,APPELLANT
Litigious,APPELLANTS
Litigious,APPELLATE
Litigious,APPELLEES
Litigious,APPOINTOR
Litigious,APPURTENANCE
Litigious,APPURTENANCES
Litigious,APPURTENANT
Litigious,ARBITRABILITY
Litigious,ARBITRAL
Litigious,ARBITRATE
Litigious,ARBITRATED
Litigious,ARBITRATES
Litigious,ARBITRATING
Litigious,ARBITRATION
Litigious,ARBITRATIONAL
Litigious,ARBITRATIONS
Litigious,ARBITRATIVE
Litigious,ARBITRATOR
Litigious,ARBITRATORS
Litigious,ARREARAGE
Litigious,ARREARAGES
Litigious,ASCENDANCY
Litigious,ASCENDANT
Litigious,ASCENDANTS
Litigious,ASSERTABLE
Litigious,ASSIGNATION
Litigious,ASSIGNATIONS
Litigious,ASSUMABLE
Litigious,ATTEST
Litigious,ATTESTATION
Litigious,ATTESTATIONS
Litigious,ATTESTED
Litigious,ATTESTING
Litigious,ATTORN
Litigious,ATTORNEY
Litigious,ATTORNEYS
Litigious,ATTORNMENT
Litigious,ATTORNS
Litigious,BAIL
Litigious,BAILED
Litigious,BAILEE
Litigious,BAILEES
Litigious,BAILIFF
Litigious,BAILIFFS
Litigious,BAILMENT
Litigious,BENEFICIATED
Litigious,BENEFICIATION
Litigious,BONA
Litigious,BONAFIDE
Litigious,BREACH
Litigious,BREACHED
Litigious,BREACHES
Litigious,BREACHING
Litigious,CEDANT
Litigious,CEDANTS
Litigious,CERTIORARI
Litigious,CESSION
Litigious,CHATTEL
Litigious,CHATTELS
Litigious,CHOATE
Litigious,CLAIM
Litigious,CLAIMABLE
Litigious,CLAIMANT
Litigious,CLAIMANTS
Litigious,CLAIMHOLDER
Litigious,CLAIMS
Litigious,CLAWBACKS
Litigious,CODEFENDANT
Litigious,CODEFENDANTS
Litigious,CODICIL
Litigious,CODICILS
Litigious,CODIFICATION
Litigious,CODIFICATIONS
Litigious,CODIFIED
Litigious,CODIFIES
Litigious,CODIFY
Litigious,CODIFYING
Litigious,COLLUSION
Litigious,COMPENSATORY
Litigious,COMPLAINANT
Litigious,COMPLAINANTS
Litigious,CONDEMNOR
Litigious,CONFISCATORY
Litigious,CONSENT
Litigious,CONSENTED
Litigious,CONSENTING
Litigious,CONSENTS
Litigious,CONSERVATORSHIPS
Litigious,CONSTITUTION
Litigious,CONSTITUTIONAL
Litigious,CONSTITUTIONALITY
Litigious,CONSTITUTIONALLY
Litigious,CONSTITUTIONS
Litigious,CONSTITUTIVE
Litigious,CONSTRUE
Litigious,CONSTRUED
Litigious,CONSTRUES
Litigious,CONSTRUING
Litigious,CONTESTABILITY
Litigious,CONTESTATION
Litigious,CONTRACT
Litigious,CONTRACTED
Litigious,CONTRACTHOLDER
Litigious,CONTRACTHOLDERS
Litigious,CONTRACTIBLE
Litigious,CONTRACTILE
Litigious,CONTRACTING
Litigious,CONTRACTS
Litigious,CONTRACTUAL
Litigious,CONTRACTUALLY
Litigious,CONTRAVENE
Litigious,CONTRAVENED
Litigious,CONTRAVENES
Litigious,CONTRAVENING
Litigious,CONTRAVENTION
Litigious,CONTRAVENTIONS
Litigious,CONTROVERT
Litigious,CONTROVERTED
Litigious,CONTROVERTING
Litigious,CONVENIENS
Litigious,CONVEYANCE
Litigious,CONVEYANCES
Litigious,CONVICT
Litigious,CONVICTED
Litigious,CONVICTING
Litigious,CONVICTION
Litigious,CONVICTIONS
Litigious,COTERMINOUS
Litigious,COUNSEL
Litigious,COUNSELED
Litigious,COUNSELLED
Litigious,COUNSELS
Litigious,COUNTERSIGNOR
Litigious,COUNTERSUED
Litigious,COUNTERSUIT
Litigious,COUNTERSUITS
Litigious,COURT
Litigious,COURTROOM
Litigious,COURTS
Litigious,CRIME
Litigious,CRIMES
Litigious,CRIMINAL
Litigious,CRIMINALITY
Litigious,CRIMINALIZE
Litigious,CRIMINALIZING
Litigious,CRIMINALLY
Litigious,CRIMINALS
Litigious,CROSSCLAIM
Litigious,CROSSCLAIMS
Litigious,DECEDENT
Litigious,DECEDENTS
Litigious,DECLARANT
Litigious,DECREE
Litigious,DECREED
Litigious,DECREEING
Litigious,DECREES
Litigious,DEFALCATION
Litigious,DEFALCATIONS
Litigious,DEFEASANCE
Litigious,DEFEASANCES
Litigious,DEFEASE
Litigious,DEFEASED
Litigious,DEFEASEMENT
Litigious,DEFEASES
Litigious,DEFEASING
Litigious,DEFECTIVELY
Litigious,DEFENDABLE
Litigious,DEFENDANT
Litigious,DEFENDANTS
Litigious,DEFERENCE
Litigious,DELEGABLE
Litigious,DELEGATABLE
Litigious,DELEGATEE
Litigious,DELEGEES
Litigious,DEMURRED
Litigious,DEMURRER
Litigious,DEMURRERS
Litigious,DEMURRING
Litigious,DEMURS
Litigious,DEPOSE
Litigious,DEPOSED
Litigious,DEPOSES
Litigious,DEPOSING
Litigious,DEPOSITION
Litigious,DEPOSITIONAL
Litigious,DEPOSITIONS
Litigious,DEROGATE
Litigious,DEROGATED
Litigious,DEROGATES
Litigious,DEROGATING
Litigious,DEROGATION
Litigious,DEROGATIONS
Litigious,DESIGNATOR
Litigious,DESIST
Litigious,DETAINER
Litigious,DEVISEES
Litigious,DISAFFILIATION
Litigious,DISAFFIRM
Litigious,DISAFFIRMANCE
Litigious,DISAFFIRMED
Litigious,DISAFFIRMS
Litigious,DISPOSITIVE
Litigious,DISPOSSESSION
Litigious,DISPOSSESSORY
Litigious,DISTRAINT
Litigious,DISTRIBUTEE
Litigious,DISTRIBUTEES
Litigious,DOCKET
Litigious,DOCKETED
Litigious,DOCKETING
Litigious,DOCKETS
Litigious,DONEES
Litigious,DULY
Litigious,EJECTMENT
Litigious,ENCUMBER
Litigious,ENCUMBERED
Litigious,ENCUMBERING
Litigious,ENCUMBERS
Litigious,ENCUMBRANCE
Litigious,ENCUMBRANCER
Litigious,ENCUMBRANCERS
Litigious,ENCUMBRANCES
Litigious,ENDORSEE
Litigious,ENFORCEABILITY
Litigious,ENFORCEABLE
Litigious,ENFORCEABLY
Litigious,ESCHEAT
Litigious,ESCHEATED
Litigious,ESCHEATMENT
Litigious,ESCROWING
Litigious,ESTOPPEL
Litigious,EVIDENTIAL
Litigious,EVIDENTIARY
Litigious,EXCEEDANCE
Litigious,EXCEEDANCES
Litigious,EXCEEDENCES
Litigious,EXCISED
Litigious,EXCULPATE
Litigious,EXCULPATED
Litigious,EXCULPATES
Litigious,EXCULPATING
Litigious,EXCULPATION
Litigious,EXCULPATIONS
Litigious,EXCULPATORY
Litigious,EXECUTOR
Litigious,EXECUTORS
Litigious,EXECUTORY
Litigious,EXECUTRICES
Litigious,EXECUTRIX
Litigious,EXECUTRIXES
Litigious,EXTRACONTRACTUAL
Litigious,EXTRACORPOREAL
Litigious,EXTRAJUDICIAL
Litigious,FACIE
Litigious,FACTO
Litigious,FELONIES
Litigious,FELONIOUS
Litigious,FELONY
Litigious,FIDE
Litigious,FORBADE
Litigious,FORBEAR
Litigious,FORBEARANCE
Litigious,FORBEARANCES
Litigious,FORBEARING
Litigious,FORBEARS
Litigious,FOREBEAR
Litigious,FOREBEARANCE
Litigious,FOREBEARS
Litigious,FORFEITABILITY
Litigious,FORFEITABLE
Litigious,FORTHWITH
Litigious,FORWHICH
Litigious,FUGITIVE
Litigious,FUGITIVES
Litigious,FURTHERANCE
Litigious,GRANTOR
Litigious,GRANTORS
Litigious,HENCEFORTH
Litigious,HENCEFORWARD
Litigious,HEREAFTER
Litigious,HEREBY
Litigious,HEREDITAMENTS
Litigious,HEREFOR
Litigious,HEREFORE
Litigious,HEREFROM
Litigious,HEREIN
Litigious,HEREINABOVE
Litigious,HEREINAFTER
Litigious,HEREINBEFORE
Litigious,HEREINBELOW
Litigious,HEREOF
Litigious,HEREON
Litigious,HERETO
Litigious,HERETOFORE
Litigious,HEREUNDER
Litigious,HEREUNTO
Litigious,HEREUPON
Litigious,HEREWITH
Litigious,HEREWITHIN
Litigious,IMMATERIALITY
Litigious,IMPLEADED
Litigious,INASMUCH
Litigious,INCAPACITY
Litigious,INCARCERATE
Litigious,INCARCERATED
Litigious,INCARCERATES
Litigious,INCARCERATING
Litigious,INCARCERATION
Litigious,INCARCERATIONS
Litigious,INCHOATE
Litigious,INCONTESTABILITY
Litigious,INCONTESTABLE
Litigious,INDEMNIFIABLE
Litigious,INDEMNIFICATION
Litigious,INDEMNIFICATIONS
Litigious,INDEMNIFIED
Litigious,INDEMNIFIES
Litigious,INDEMNIFY
Litigious,INDEMNIFYING
Litigious,INDEMNITEE
Litigious,INDEMNITEES
Litigious,INDEMNITIES
Litigious,INDEMNITOR
Litigious,INDEMNITORS
Litigious,INDEMNITY
Litigious,INDICT
Litigious,INDICTABLE
Litigious,INDICTED
Litigious,INDICTING
Litigious,INDICTMENT
Litigious,INDICTMENTS
Litigious,INDORSEES
Litigious,INFORCE
Litigious,INFRACTION
Litigious,INFRACTIONS
Litigious,INFRINGER
Litigious,INJUNCTION
Litigious,INJUNCTIONS
Litigious,INJUNCTIVE
Litigious,INSOFAR
Litigious,INTERLOCUTORY
Litigious,INTERPLEADER
Litigious,INTERPOSE
Litigious,INTERPOSED
Litigious,INTERPOSES
Litigious,INTERPOSING
Litigious,INTERPOSITION
Litigious,INTERPOSITIONS
Litigious,INTERROGATE
Litigious,INTERROGATED
Litigious,INTERROGATES
Litigious,INTERROGATING
Litigious,INTERROGATION
Litigious,INTERROGATIONS
Litigious,INTERROGATOR
Litigious,INTERROGATORIES
Litigious,INTERROGATORS
Litigious,INTERROGATORY
Litigious,INTESTACY
Litigious,INTESTATE
Litigious,IRREVOCABILITY
Litigious,IRREVOCABLE
Litigious,IRREVOCABLY
Litigious,JOINDER
Litigious,JUDICIAL
Litigious,JUDICIALLY
Litigious,JUDICIARIES
Litigious,JUDICIARY
Litigious,JURIES
Litigious,JURIS
Litigious,JURISDICTION
Litigious,JURISDICTIONAL
Litigious,JURISDICTIONALLY
Litigious,JURISDICTIONS
Litigious,JURISPRUDENCE
Litigious,JURIST
Litigious,JURISTS
Litigious,JUROR
Litigious,JURORS
Litigious,JURY
Litigious,JURYMAN
Litigious,JUSTICE
Litigious,JUSTICES
Litigious,LAW
Litigious,LAWFUL
Litigious,LAWFULLY
Litigious,LAWFULNESS
Litigious,LAWMAKERS
Litigious,LAWMAKING
Litigious,LAWS
Litigious,LAWSUIT
Litigious,LAWSUITS
Litigious,LAWYER
Litigious,LAWYERS
Litigious,LEGAL
Litigious,LEGALESE
Litigious,LEGALITY
Litigious,LEGALIZATION
Litigious,LEGALIZATIONS
Litigious,LEGALIZE
Litigious,LEGALIZED
Litigious,LEGALIZES
Litigious,LEGALIZING
Litigious,LEGALLY
Litigious,LEGALS
Litigious,LEGATEE
Litigious,LEGATEES
Litigious,LEGISLATE
Litigious,LEGISLATED
Litigious,LEGISLATES
Litigious,LEGISLATING
Litigious,LEGISLATION
Litigious,LEGISLATIONS
Litigious,LEGISLATIVE
Litigious,LEGISLATIVELY
Litigious,LEGISLATOR
Litigious,LEGISLATORS
Litigious,LEGISLATURE
Litigious,LEGISLATURES
Litigious,LIBEL
Litigious,LIBELED
Litigious,LIBELOUS
Litigious,LIBELS
Litigious,LICENSABLE
Litigious,LIENHOLDERS
Litigious,LITIGANT
Litigious,LITIGANTS
Litigious,LITIGATE
Litigious,LITIGATED
Litigious,LITIGATES
Litigious,LITIGATING
Litigious,LITIGATION
Litigious,LITIGATIONS
Litigious,LITIGATOR
Litigious,LITIGATORS
Litigious,LITIGIOUS
Litigious,LITIGIOUSNESS
Litigious,MAJEURE
Litigious,MANDAMUS
Litigious,MEDIATE
Litigious,MEDIATED
Litigious,MEDIATES
Litigious,MEDIATING
Litigious,MEDIATION
Litigious,MEDIATIONS
Litigious,MEDIATOR
Litigious,MEDIATORS
Litigious,MISDEMEANOR
Litigious,MISFEASANCE
Litigious,MISTRIAL
Litigious,MISTRIALS
Litigious,MOREOVER
Litigious,MOTIONS
Litigious,MUTANDIS
Litigious,NOLO
Litigious,NONAPPEALABLE
Litigious,NONBREACHING
Litigious,NONCONTINGENT
Litigious,NONCONTRACT
Litigious,NONCONTRACTUAL
Litigious,NONCONTRIBUTORY
Litigious,NONFEASANCE
Litigious,NONFIDUCIARY
Litigious,NONFORFEITABILITY
Litigious,NONFORFEITABLE
Litigious,NONFORFEITURE
Litigious,NONGUARANTOR
Litigious,NONINFRINGEMENT
Litigious,NONINFRINGING
Litigious,NONJUDICIAL
Litigious,NONJUDICIALLY
Litigious,NONJURISDICTIONAL
Litigious,NONSEVERABLE
Litigious,NONTERMINABLE
Litigious,NONUSURIOUS
Litigious,NOTARIAL
Litigious,NOTARIES
Litigious,NOTARIZATION
Litigious,NOTARIZATIONS
Litigious,NOTARIZE
Litigious,NOTARIZED
Litigious,NOTARIZING
Litigious,NOTARY
Litigious,NOTWITHSTANDING
Litigious,NOVO
Litigious,NULLIFICATION
Litigious,NULLIFICATIONS
Litigious,NULLIFIED
Litigious,NULLIFIES
Litigious,NULLIFY
Litigious,NULLIFYING
Litigious,NULLITIES
Litigious,NULLITY
Litigious,OBLIGEE
Litigious,OBLIGEES
Litigious,OBLIGOR
Litigious,OBLIGORS
Litigious,OFFENSE
Litigious,OFFEREE
Litigious,OFFEREES
Litigious,OFFEROR
Litigious,OFFERORS
Litigious,OPTIONEE
Litigious,OPTIONEES
Litigious,OVERRULE
Litigious,OVERRULED
Litigious,OVERRULES
Litigious,OVERRULING
Litigious,PARA
Litigious,PARI
Litigious,PASSU
Litigious,PATENTEE
Litigious,PECUNIARILY
Litigious,PERJURY
Litigious,PERMITTEE
Litigious,PERMITTEES
Litigious,PERPETRATE
Litigious,PERPETRATED
Litigious,PERPETRATES
Litigious,PERPETRATING
Litigious,PERPETRATION
Litigious,PERSONAM
Litigious,PETITION
Litigious,PETITIONED
Litigious,PETITIONER
Litigious,PETITIONERS
Litigious,PETITIONING
Litigious,PETITIONS
Litigious,PLAINTIFF
Litigious,PLAINTIFFS
Litigious,PLEADING
Litigious,PLEADINGS
Litigious,PLEADS
Litigious,PLEAS
Litigious,PLEDGEE
Litigious,PLEDGEES
Litigious,PLEDGOR
Litigious,PLEDGORS
Litigious,POSSESSORY
Litigious,POSTCLOSING
Litigious,POSTCLOSURE
Litigious,POSTCONTRACT
Litigious,POSTJUDGMENT
Litigious,PREAMENDMENT
Litigious,PREDECEASE
Litigious,PREDECEASED
Litigious,PREDECEASES
Litigious,PREDECEASING
Litigious,PREHEARING
Litigious,PREJUDICE
Litigious,PREJUDICED
Litigious,PREJUDICES
Litigious,PREJUDICIAL
Litigious,PREJUDICING
Litigious,PREPETITION
Litigious,PRESUMPTIVELY
Litigious,PRETRIAL
Litigious,PRIMA
Litigious,PRIVITY
Litigious,PROBATE
Litigious,PROBATED
Litigious,PROBATES
Litigious,PROBATING
Litigious,PROBATION
Litigious,PROBATIONAL
Litigious,PROBATIONARY
Litigious,PROBATIONER
Litigious,PROBATIONERS
Litigious,PROBATIONS
Litigious,PROMULGATE
Litigious,PROMULGATED
Litigious,PROMULGATES
Litigious,PROMULGATING
Litigious,PROMULGATION
Litigious,PROMULGATIONS
Litigious,PROMULGATOR
Litigious,PROMULGATORS
Litigious,PRORATA
Litigious,PRORATION
Litigious,PROSECUTE
Litigious,PROSECUTED
Litigious,PROSECUTES
Litigious,PROSECUTING
Litigious,PROSECUTION
Litigious,PROSECUTIONS
Litigious,PROSECUTOR
Litigious,PROSECUTORIAL
Litigious,PROSECUTORS
Litigious,PROVISO
Litigious,PROVISOES
Litigious,PROVISOS
Litigious,PUNISHABLE
Litigious,QUITCLAIM
Litigious,QUITCLAIMS
Litigious,RATA
Litigious,RATABLE
Litigious,RATABLY
Litigious,REARGUMENT
Litigious,REBUT
Litigious,REBUTS
Litigious,REBUTTABLE
Litigious,REBUTTABLY
Litigious,REBUTTAL
Litigious,REBUTTALS
Litigious,REBUTTED
Litigious,REBUTTING
Litigious,RECORDATION
Litigious,RECOUPABLE
Litigious,RECOUPMENT
Litigious,RECOUPMENTS
Litigious,RECOURSE
Litigious,RECOURSES
Litigious,RECTIFICATION
Litigious,RECTIFICATIONS
Litigious,RECUSAL
Litigious,RECUSE
Litigious,RECUSED
Litigious,RECUSES
Litigious,RECUSING
Litigious,REDACT
Litigious,REDACTED
Litigious,REDACTING
Litigious,REDACTION
Litigious,REDACTIONS
Litigious,REFERENDA
Litigious,REFERENDUM
Litigious,REFERENDUMS
Litigious,REFILE
Litigious,REFILED
Litigious,REFILES
Litigious,REFILING
Litigious,REGULATE
Litigious,REGULATED
Litigious,REGULATES
Litigious,REGULATING
Litigious,REGULATION
Litigious,REGULATIONS
Litigious,REGULATIVE
Litigious,REGULATOR
Litigious,REGULATORS
Litigious,REGULATORY
Litigious,REHEAR
Litigious,REHEARD
Litigious,REHEARING
Litigious,REHEARINGS
Litigious,RELEASEES
Litigious,REMAND
Litigious,REMANDED
Litigious,REMANDING
Litigious,REMANDS
Litigious,REMEDIATE
Litigious,REMEDIATED
Litigious,REMEDIATING
Litigious,REMEDIATION
Litigious,REMEDIATIONS
Litigious,REMEDIED
Litigious,REMISED
Litigious,REPLEDGED
Litigious,REPLEVIN
Litigious,REPRORATED
Litigious,REQUESTER
Litigious,REQUESTOR
Litigious,REREGULATION
Litigious,RESCIND
Litigious,RESCINDED
Litigious,RESCINDING
Litigious,RESCINDS
Litigious,RESCISSION
Litigious,RESCISSIONS
Litigious,RESTITUTIONARY
Litigious,RETENDERING
Litigious,RETROCEDE
Litigious,RETROCEDED
Litigious,RETROCESSIONAIRES
Litigious,REVOCABILITY
Litigious,REVOCATION
Litigious,REVOCATIONS
Litigious,RULING
Litigious,RULINGS
Litigious,SENTENCED
Litigious,SENTENCING
Litigious,SEQUESTRATOR
Litigious,SETTLEMENT
Litigious,SETTLEMENTS
Litigious,SEVERABILITY
Litigious,SEVERABLE
Litigious,SEVERALLY
Litigious,SEVERANCE
Litigious,SEVERANCES
Litigious,SHALL
Litigious,STATUTE
Litigious,STATUTES
Litigious,STATUTORILY
Litigious,STATUTORY
Litigious,SUBCLAUSE
Litigious,SUBCLAUSES
Litigious,SUBDOCKET
Litigious,SUBLEASEE
Litigious,SUBLEASEHOLD
Litigious,SUBLESSORS
Litigious,SUBLICENSEE
Litigious,SUBLICENSOR
Litigious,SUBPARAGRAPH
Litigious,SUBPARAGRAPHS
Litigious,SUBPOENA
Litigious,SUBPOENAED
Litigious,SUBPOENAS
Litigious,SUBROGATED
Litigious,SUBROGATION
Litigious,SUBTRUST
Litigious,SUBTRUSTS
Litigious,SUE
Litigious,SUED
Litigious,SUES
Litigious,SUING
Litigious,SUMMONED
Litigious,SUMMONING
Litigious,SUMMONS
Litigious,SUMMONSES
Litigious,SUPERSEDE
Litigious,SUPERSEDEAS
Litigious,SUPERSEDED
Litigious,SUPERSEDES
Litigious,SUPERSEDING
Litigious,SURETIES
Litigious,SURETY
Litigious,TENANTABILITY
Litigious,TERMINABLE
Litigious,TERMINUS
Litigious,TESTAMENTARY
Litigious,TESTIFY
Litigious,TESTIFYING
Litigious,TESTIMONY
Litigious,THENCE
Litigious,THENCEFORTH
Litigious,THENCEFORWARD
Litigious,THEREAFTER
Litigious,THEREAT
Litigious,THEREFROM
Litigious,THEREIN
Litigious,THEREINAFTER
Litigious,THEREOF
Litigious,THEREON
Litigious,THEREOVER
Litigious,THERETO
Litigious,THERETOFOR
Litigious,THERETOFORE
Litigious,THEREUNDER
Litigious,THEREUNTO
Litigious,THEREUPON
Litigious,THEREWITH
Litigious,TORT
Litigious,TORTIOUS
Litigious,TORTIOUSLY
Litigious,TORTS
Litigious,TRANSFEROR
Litigious,TRANSFERORS
Litigious,UNAPPEALABLE
Litigious,UNAPPEALED
Litigious,UNCONSTITUTIONAL
Litigious,UNCONSTITUTIONALITY
Litigious,UNCONSTITUTIONALLY
Litigious,UNCONTRACTED
Litigious,UNDEFEASED
Litigious,UNDISCHARGED
Litigious,UNENCUMBER
Litigious,UNENCUMBERED
Litigious,UNENFORCEABILITY
Litigious,UNENFORCEABLE
Litigious,UNLAWFUL
Litigious,UNLAWFULLY
Litigious,UNLAWFULNESS
Litigious,UNREMEDIATED
Litigious,UNSTAYED
Litigious,UNTO
Litigious,USURIOUS
Litigious,USURP
Litigious,USURPATION
Litigious,USURPED
Litigious,USURPING
Litigious,USURPS
Litigious,USURY
Litigious,VENDEE
Litigious,VENDEES
Litigious,VERDICT
Litigious,VERDICTS
Litigious,VIATICAL
Litigious,VIOLATIVE
Litigious,VOIDABLE
Litigious,VOIDED
Litigious,VOIDING
Litigious,WARRANTEES
Litigious,WARRANTOR
Litigious,WHATEVER
Litigious,WHATSOEVER
Litigious,WHENSOEVER
Litigious,WHEREABOUTS
Litigious,WHEREAS
Litigious,WHEREAT
Litigious,WHEREBY
Litigious,WHEREFORE
Litigious,WHEREIN
Litigious,WHEREOF
Litigious,WHEREON
Litigious,WHERETO
Litigious,WHEREUNDER
Litigious,WHEREUPON
Litigious,WHEREWITH
Litigious,WHISTLEBLOWERS
Litigious,WHOMEVER
Litigious,WHOMSOEVER
Litigious,WHOSOEVER
Litigious,WILFUL
Litigious,WILLFUL
Litigious,WILLFULLY
Litigious,WILLFULNESS
Litigious,WITNESS
Litigious,WITNESSES
Litigious,WRIT
Litigious,WRITS
StrongModal,ALWAYS
StrongModal,BEST
StrongModal,CLEARLY
StrongModal,DEFINITELY
StrongModal,DEFINITIVELY
StrongModal,HIGHEST
StrongModal,LOWEST
StrongModal,MUST
StrongModal,NEVER
StrongModal,STRONGLY
StrongModal,UNAMBIGUOUSLY
StrongModal,UNCOMPROMISING
StrongModal,UNDISPUTED
StrongModal,UNDOUBTEDLY
StrongModal,UNEQUIVOCAL
StrongModal,UNEQUIVOCALLY
StrongModal,UNPARALLELED
StrongModal,UNSURPASSED
StrongModal,WILL
WeakModal,ALMOST
WeakModal,APPARENTLY
WeakModal,APPEARED
WeakModal,APPEARING
WeakModal,APPEARS
WeakModal,CONCEIVABLE
WeakModal,COULD
WeakModal,DEPEND
WeakModal,DEPENDED
WeakModal,DEPENDING
WeakModal,DEPENDS
WeakModal,MAY
WeakModal,MAYBE
WeakModal,MIGHT
WeakModal,NEARLY
WeakModal,OCCASIONALLY
WeakModal,PERHAPS
WeakModal,POSSIBLE
WeakModal,POSSIBLY
WeakModal,SELDOM
WeakModal,SELDOMLY
WeakModal,SOMETIMES
WeakModal,SOMEWHAT
WeakModal,SUGGEST
WeakModal,SUGGESTS
WeakModal,UNCERTAIN
WeakModal,UNCERTAINLY
Constraining,ABIDE
Constraining,ABIDING
Constraining,BOUND
Constraining,BOUNDED
Constraining,COMMIT
Constraining,COMMITMENT
Constraining,COMMITMENTS
Constraining,COMMITS
Constraining,COMMITTED
Constraining,COMMITTING
Constraining,COMPEL
Constraining,COMPELLED
Constraining,COMPELLING
Constraining,COMPELS
Constraining,COMPLY
Constraining,COMPULSION
Constraining,COMPULSORY
Constraining,CONFINE
Constraining,CONFINED
Constraining,CONFINEMENT
Constraining,CONFINES
Constraining,CONFINING
Constraining,CONSTRAIN
Constraining,CONSTRAINED
Constraining,CONSTRAINING
Constraining,CONSTRAINS
Constraining,CONSTRAINT
Constraining,CONSTRAINTS
Constraining,COVENANT
Constraining,COVENANTED
Constraining,COVENANTING
Constraining,COVENANTS
Constraining,DEPEND
Constraining,DEPENDANCE
Constraining,DEPENDANCES
Constraining,DEPENDANT
Constraining,DEPENDENCIES
Constraining,DEPENDENT
Constraining,DEPENDING
Constraining,DEPENDS
Constraining,DICTATE
Constraining,DICTATED
Constraining,DICTATES
Constraining,DICTATING
Constraining,DIRECTIVE
Constraining,DIRECTIVES
Constraining,EARMARK
Constraining,EARMARKED
Constraining,EARMARKING
Constraining,EARMARKS
Constraining,ENCUMBER
Constraining,ENCUMBERED
Constraining,ENCUMBERING
Constraining,ENCUMBERS
Constraining,ENCUMBRANCE
Constraining,ENCUMBRANCES
Constraining,ENTAIL
Constraining,ENTAILED
Constraining,ENTAILING
Constraining,ENTAILS
Constraining,ENTRENCH
Constraining,ENTRENCHED
Constraining,ESCROW
Constraining,ESCROWED
Constraining,ESCROWS
Constraining,FORBADE
Constraining,FORBID
Constraining,FORBIDDEN
Constraining,FORBIDDING
Constraining,FORBIDS
Constraining,IMPAIR
Constraining,IMPAIRED
Constraining,IMPAIRING
Constraining,IMPAIRMENT
Constraining,IMPAIRMENTS
Constraining,IMPAIRS
Constraining,IMPOSE
Constraining,IMPOSED
Constraining,IMPOSES
Constraining,IMPOSING
Constraining,IMPOSITION
Constraining,IMPOSITIONS
Constraining,INDEBTED
Constraining,INHIBIT
Constraining,INHIBITED
Constraining,INHIBITING
Constraining,INHIBITS
Constraining,INSIST
Constraining,INSISTED
Constraining,INSISTENCE
Constraining,INSISTING
Constraining,INSISTS
Constraining,IRREVOCABLE
Constraining,IRREVOCABLY
Constraining,LIMIT
Constraining,LIMITING
Constraining,LIMITS
Constraining,MANDATE
Constraining,MANDATED
Constraining,MANDATES
Constraining,MANDATING
Constraining,MANDATORY
Constraining,MANDITORILY
Constraining,NECESSITATE
Constraining,NECESSITATED
Constraining,NECESSITATES
Constraining,NECESSITATING
Constraining,NONCANCELABLE
Constraining,NONCANCELLABLE
Constraining,OBLIGATE
Constraining,OBLIGATED
Constraining,OBLIGATES
Constraining,OBLIGATING
Constraining,OBLIGATION
Constraining,OBLIGATIONS
Constraining,OBLIGATORY
Constraining,OBLIGE
Constraining,OBLIGED
Constraining,OBLIGES
Constraining,PERMISSIBLE
Constraining,PERMISSION
Constraining,PERMISSIONS
Constraining,PERMITTED
Constraining,PERMITTING
Constraining,PLEDGE
Constraining,PLEDGED
Constraining,PLEDGES
Constraining,PLEDGING
Constraining,PRECLUDE
Constraining,PRECLUDED
Constraining,PRECLUDES
Constraining,PRECLUDING
Constraining,PRECONDITION
Constraining,PRECONDITIONS
Constraining,PRESET
Constraining,PREVENT
Constraining,PREVENTED
Constraining,PREVENTING
Constraining,PREVENTS
Constraining,PROHIBIT
Constraining,PROHIBITED
Constraining,PROHIBITING
Constraining,PROHIBITION
Constraining,PROHIBITIONS
Constraining,PROHIBITIVE
Constraining,PROHIBITIVELY
Constraining,PROHIBITORY
Constraining,PROHIBITS
Constraining,REFRAIN
Constraining,REFRAINING
Constraining,REFRAINS
Constraining,REQUIRE
Constraining,REQUIRED
Constraining,REQUIREMENT
Constraining,REQUIREMENTS
Constraining,REQUIRES
Constraining,REQUIRING
Constraining,RESTRAIN
Constraining,RESTRAINED
Constraining,RESTRAINING
Constraining,RESTRAINS
Constraining,RESTRAINT
Constraining,RESTRAINTS
Constraining,RESTRICT
Constraining,RESTRICTED
Constraining,RESTRICTING
Constraining,RESTRICTION
Constraining,RESTRICTIONS
Constraining,RESTRICTIVE
Constraining,RESTRICTIVELY
Constraining,RESTRICTIVENESS
Constraining,RESTRICTS
Constraining,STIPULATE
Constraining,STIPULATED
Constraining,STIPULATES
Constraining,STIPULATING
Constraining,STIPULATION
Constraining,STIPULATIONS
Constraining,STRICT
Constraining,STRICTER
Constraining,STRICTEST
Constraining,STRICTLY
Constraining,UNAVAILABILITY
Constraining,UNAVAILABLE